Unnamed: 0,ID,logTg,Series,Ref,name_raw,SMILES_raw,SMI_generator,SMILES,name,SMILES_clean,Moleculer Weight,Proxy for Free Volume,Rotatable Bonds,Aromatic Rings,Topological Polar Surface Area,H-Bond Donors,H-Bond Acceptors
0,PPD_007,2.7077,T,A,chloroprene,C=CC(=C)Cl,PubChemPy,C=CC(=C)Cl,chloroprene,C=CC(=C)Cl,88.537,17.601595568,1,0,0.0,0,0
1,PPD_008,2.852,T,A,acrylamide,C=CC(=O)N,PubChemPy,C=CC(=O)N,acrylamide,C=CC(N)=O,71.079,14.207422756,1,0,43.09,1,1
2,PPD_010,2.8177,T,A,2-cyanobutyl acrylate,CCC(COC(=O)C=C)C#N,ChemAxon,CCC(COC(=O)C=C)C#N,2-cyanobutyl acrylate,C=CC(=O)OCC(C#N)CC,153.18099999999998,13.916270781090908,4,0,50.09,0,3
3,PPD_013,2.7178,P,A,"2,2,3,3-tetrafluoropropyl acrylate",C=CC(=O)OCC(C(F)F)(F)F,PubChemPy,C=CC(=O)OCC(C(F)F)(F)F,"2,2,3,3-tetrafluoropropyl acrylate",C=CC(=O)OCC(F)(F)C(F)F,186.10399999999998,15.502532692666668,4,0,26.3,0,2
4,PPD_019,2.7552,T,A,cyanomethyl acrylate,C=CC(=O)OCC#N,PubChemPy,C=CC(=O)OCC#N,cyanomethyl acrylate,C=CC(=O)OCC#N,111.1,13.87900355,2,0,50.09,0,3
5,PPD_029,2.7687,T,A,octadecyl acrylate,CCCCCCCCCCCCCCCCCCOC(=O)C=C,PubChemPy,CCCCCCCCCCCCCCCCCCOC(=O)C=C,octadecyl acrylate,C=CC(=O)OCCCCCCCCCCCCCCCCCC,324.5490000000001,14.100123066086956,18,0,26.3,0,2
6,PPD_030,2.7421,T,A,phenoxyethyl acrylate,C=CC(=O)OCCOC1=CC=CC=C1,PubChemPy,C=CC(=O)OCCOC1=CC=CC=C1,phenoxyethyl acrylate,C=CC(=O)OCCOc1ccccc1,192.21400000000003,13.719903160285714,5,1,35.53,0,3
7,PPD_034,2.7268,T,A,tetrahydro furfuryl acrylate,C=CC(=O)OCC1CCCO1,ChemAxon,C=CC(=O)OCC1CCCO1,tetrahydro furfuryl acrylate,C=CC(=O)OCC1CCCO1,156.18099999999998,14.188967658545454,3,0,35.53,0,3
8,PPD_043,2.7854,P,A,1-(tert-butyl)ethene,CC(C)(C)C=C,ChemAxon,CC(C)(C)C=C,1-(tert-butyl)ethene,C=CC(C)(C)C,84.16199999999999,14.015650063999999,0,0,0.0,0,0
9,PPD_067,2.8223,T,A,"4,4'-thiodiphenylene carbonate","C(=O)(O[S](c1ccccc1)c1ccccc1)O[S](c1ccccc1
)c1ccccc1",ChemAxon,C(=O)(O[S](c1ccccc1)c1ccccc1)O[S](c1ccccc1)c1ccccc1,"4,4'-thiodiphenylene carbonate",O=C(O[S](c1ccccc1)c1ccccc1)O[S](c1ccccc1)c1ccccc1,432.5660000000001,14.402846216666667,6,4,35.53,0,3
10,PPD_076,2.8421,T,A,ethyl cyanoacrylate,CCOC(=O)C(=C)C#N,PubChemPy,CCOC(=O)C(=C)C#N,ethyl cyanoacrylate,C=C(C#N)C(=O)OCC,125.12699999999998,13.894186496,2,0,50.09,0,3
11,PPD_087,2.7452,T,A,decamethylene terephthalate,"C1CCCCCOC(=O)C2=CC=C(C=C2)C(=O)O
CCCC1",PubChemPy,C1CCCCCOC(=O)C2=CC=C(C=C2)C(=O)OCCCC1,decamethylene terephthalate,O=C1OCCCCCCCCCCOC(=O)c2ccc1cc2,304.38599999999997,13.825793602181818,0,1,52.6,0,4
12,PPD_088,2.7499,T,A,nonamethylene terephthalate,"O(C(=O)c1ccc(cc1)C(=O)OCCCCCCCCC)CC
CCCCCCC",ChemAxon,O(C(=O)c1ccc(cc1)C(=O)OCCCCCCCCC)CCCCCCCCC,nonamethylene terephthalate,CCCCCCCCCOC(=O)c1ccc(C(=O)OCCCCCCCCC)cc1,418.6180000000004,13.943610327466667,18,1,52.60000000000001,0,4
13,PPD_093,2.7514,T,A,hexamethylene terephthalate,C1CCCOC(=O)C2=CC=C(C=C2)C(=O)OCC1,PubChemPy,C1CCCOC(=O)C2=CC=C(C=C2)C(=O)OCC1,hexamethylene terephthalate,O=C1OCCCCCCOC(=O)c2ccc1cc2,248.278,13.783603277333334,0,1,52.6,0,4
14,PPD_096,2.779,T,A,trimethylene terephthalate,C1COC(=O)C2=CC=C(C=C2)C(=O)OC1,PubChemPy,C1COC(=O)C2=CC=C(C=C2)C(=O)OC1,trimethylene terephthalate,O=C1OCCCOC(=O)c2ccc1cc2,206.197,13.737193920000001,0,1,52.6,0,4
15,PPD_097,2.756,T,A,tetramethylene isophthalate,CCCCOC(=O)c1cccc(c1)C(=O)OCCCC,ChemAxon,CCCCOC(=O)c1cccc(c1)C(=O)OCCCC,tetramethylene isophthalate,CCCCOC(=O)c1cccc(C(=O)OCCCC)c1,278.34799999999996,13.9075904592,8,1,52.60000000000001,0,4
16,PPD_106,2.7673,T,A,Polyglycolid,O=C1COC(=O)CO1,ChemAxon,O=C1COC(=O)CO1,Polyglycolid,O=C1COC(=O)CO1,116.07199999999999,14.501369826000001,0,0,52.60000000000001,0,4
17,PPD_109,2.8458,T,A,"4,4'-dichlorobenzophenone","C1=CC(=CC=C1C(=O)C2=CC=C(C=C2)Cl)C
l",PubChemPy,C1=CC(=CC=C1C(=O)C2=CC=C(C=C2)Cl)Cl,"4,4'-dichlorobenzophenone",O=C(c1ccc(Cl)cc1)c1ccc(Cl)cc1,251.11200000000002,15.62470126475,2,2,17.07,0,1
18,PPD_112,2.746,T,A,diethyl fumarate,CCOC(=O)C=CC(=O)OCC,PubChemPy,CCOC(=O)C=CC(=O)OCC,diethyl fumarate,CCOC(=O)C=CC(=O)OCC,172.17999999999995,14.339463238666667,4,0,52.60000000000001,0,4
19,PPD_113,2.8103,T,A,dimethyl fumarate,COC(=O)C=CC(=O)OC,PubChemPy,COC(=O)C=CC(=O)OC,dimethyl fumarate,COC(=O)C=CC(=O)OC,144.12599999999998,14.404225873600002,2,0,52.60000000000001,0,4
20,PPD_114,2.726,T,A,dipropyl fumarate,CCCOC(=O)C=CC(=O)OCCC,PubChemPy,CCCOC(=O)C=CC(=O)OCCC,dipropyl fumarate,CCCOC(=O)C=CC(=O)OCCC,200.23399999999992,14.293204213714287,6,0,52.60000000000001,0,4
21,PPD_121,2.6722,T,A,trimethylene glycol,C(CO)CO,PubChemPy,C(CO)CO,trimethylene glycol,OCCCO,76.095,15.2104858992,2,0,40.46,2,2
22,PPD_122,2.6814,T,A,Polyaceta,CC(=O)Oc1ccccc1C(O)=O,ChemAxon,CC(=O)Oc1ccccc1C(O)=O,Polyaceta,CC(=O)Oc1ccccc1C(=O)O,180.15899999999996,13.849404518153847,2,1,63.60000000000001,1,3
23,PPD_123,2.8103,P,A,dimethyl itaconate,COC(=O)CC(=C)C(=O)OC,PubChemPy,COC(=O)CC(=C)C(=O)OC,dimethyl itaconate,C=C(CC(=O)OC)C(=O)OC,158.15299999999996,14.3689008,3,0,52.60000000000001,0,4
24,PPD_124,2.7628,T,A,n-propyl,CCCOC(=O)CC(=C)C(=O)OCCC,ChemAxon,CCCOC(=O)CC(=C)C(=O)OCCC,n-propyl,C=C(CC(=O)OCCC)C(=O)OCCC,214.26099999999994,14.274700603733333,7,0,52.60000000000001,0,4
25,PPD_128,2.7522,T,A,1-(Dimethylamino,CC(OC(=O)C(C)=C)N(C)C,ChemAxon,CC(OC(=O)C(C)=C)N(C)C,1-(Dimethylamino,C=C(C)C(=O)OC(C)N(C)C,157.21299999999997,14.28275261090909,3,0,29.54,0,3
26,PPD_132,2.7925,T,A,"2,2,2-trifluoroethyl methacrylate",CC(=C)C(=O)OCC(F)(F)F,PubChemPy,CC(=C)C(=O)OCC(F)(F)F,"2,2,2-trifluoroethyl methacrylate",C=C(C)C(=O)OCC(F)(F)F,168.11399999999995,15.276346738545454,2,0,26.3,0,2
27,PPD_133,2.7904,T,A,"2,2,3,3-tetrafluoropropyl methacrylate",CC(=C)C(=O)OCC(C(F)F)(F)F,PubChemPy,CC(=C)C(=O)OCC(C(F)F)(F)F,"2,2,3,3-tetrafluoropropyl methacrylate",C=C(C)C(=O)OCC(F)(F)C(F)F,200.13099999999994,15.388157105846155,4,0,26.3,0,2
28,PPD_141,2.7833,T,A,glycidyl methacrylate,CC(=C)C(=O)OCC1CO1,PubChemPy,CC(=C)C(=O)OCC1CO1,glycidyl methacrylate,C=C(C)C(=O)OCC1CO1,142.15399999999997,14.206299418,3,0,38.83,0,3
29,PPD_158,2.7783,T,A,tetrahydrofurfuryl methacrylate,CC(=C)C(=O)OCC1CCCO1,PubChemPy,CC(=C)C(=O)OCC1CCCO1,tetrahydrofurfuryl methacrylate,C=C(C)C(=O)OCC1CCCO1,170.20799999999994,14.174524525666667,3,0,35.53,0,3
30,PPD_161,2.7988,T,A,2-chloro-p-xylylene,Cc1ccc(C)c(Cl)c1,ChemAxon,Cc1ccc(C)c(Cl)c1,2-chloro-p-xylylene,Cc1ccc(C)c(Cl)c1,140.61300000000003,15.559919774222221,0,1,0.0,0,0
31,PPD_162,2.9091,T,A,p-phenylene,C1=C=CC=C=C1,PubChemPy,C1=C=CC=C=C1,p-phenylene,C1=CC=C=CC=1,76.098,12.671883354666667,0,0,0.0,0,0
32,PPD_166,2.8866,T,A,"3?phenyl?[1,1'?biphenyl]?2?ol",Oc1c(cccc1-c1ccccc1)-c1ccccc1,ChemAxon,Oc1c(cccc1-c1ccccc1)-c1ccccc1,"3?phenyl?[1,1'?biphenyl]?2?ol",Oc1c(-c2ccccc2)cccc1-c1ccccc1,246.309,12.952866582526315,2,3,20.23,1,1
33,PPD_170,2.7775,T,A,4-ethylstyrene,CCC1=CC=C(C=C1)C=C,PubChemPy,CCC1=CC=C(C=C1)C=C,4-ethylstyrene,C=Cc1ccc(CC)cc1,132.206,13.209390038399999,2,1,0.0,0,0
34,PPD_189,2.6956,T,A,ethylene sulfide,C1CS1,PubChemPy,C1CS1,ethylene sulfide,C1CS1,60.120999999999995,20.00112370933333,0,0,0.0,0,1
35,PPD_209,2.7333,T,A,"trifluoromethoxy 1,1-difluoroethylene",FC(F)=COC(F)(F)F,ChemAxon,FC(F)=COC(F)(F)F,"trifluoromethoxy 1,1-difluoroethylene",FC(F)=COC(F)(F)F,148.03,16.443861750222222,1,0,9.23,0,1
36,PPD_211,2.7847,T,A,4-chlorophenyl vinyl ketone,C=CC(=O)C1=CC=C(C=C1)Cl,PubChemPy,C=CC(=O)C1=CC=C(C=C1)Cl,4-chlorophenyl vinyl ketone,C=CC(=O)c1ccc(Cl)cc1,166.60699999999997,15.09259477490909,2,1,17.07,0,1
37,PPD_212,2.8083,T,A,methyl isopropenyl ketone,CC(=C)C(=O)C,PubChemPy,CC(=C)C(=O)C,methyl isopropenyl ketone,C=C(C)C(C)=O,84.11799999999998,14.009585812666666,1,0,17.07,0,1
38,PPD_214,2.6868,P,A,vinyl ethyl ketone,CCC(=O)C=C,PubChemPy,CCC(=O)C=C,vinyl ethyl ketone,C=CC(=O)CC,84.118,14.009585812666666,2,0,17.07,0,1
39,PPD_215,2.759,T,A,vinyl methyl ketone,CC(=O)C=C,PubChemPy,CC(=O)C=C,vinyl methyl ketone,C=CC(C)=O,70.091,14.0083729624,1,0,17.07,0,1
40,PPD_216,2.7211,T,A,butyl vinyl thioether,CCCCSC=C,ChemAxon,CCCCSC=C,butyl vinyl thioether,C=CSCCCC,116.229,16.58085305485714,4,0,0.0,0,1
41,PPD_217,2.7317,P,A,ethyl vinyl thioether,CCSC=C,ChemAxon,CCSC=C,ethyl vinyl thioether,C=CSCC,88.175,17.6069342512,2,0,0.0,0,1
42,PPD_219,2.819,T,A,vinyl phenyl sulfide,C=CSc1ccccc1,ChemAxon,C=CSc1ccccc1,vinyl phenyl sulfide,C=CSc1ccccc1,136.21899999999997,15.114963472888888,2,1,0.0,0,1
43,SA_001,2.6877,T,B,Acenaphthylene,C1=CC2=C3C(=C1)C=CC3=CC=C2,PubChemPy,C1=CC2=C3C(=C1)C=CC3=CC=C2,Acenaphthylene,C1=Cc2cccc3cccc1c23,152.19599999999994,12.671883354666667,0,2,0.0,0,0
44,SA_003,2.5901,T,B,4-Acetoxystyrene,CC(=O)OC1=CC=C(C=C1)C=C,PubChemPy,CC(=O)OC1=CC=C(C=C1)C=C,4-Acetoxystyrene,C=Cc1ccc(OC(C)=O)cc1,162.188,13.505673296666666,2,1,26.3,0,2
45,SA_007,2.2904,T,B,Allyl glycidyl ether,C=CCOCC1CO1,PubChemPy,C=CCOCC1CO1,Allyl glycidyl ether,C=CCOCC1CO1,114.14399999999999,14.258509945,4,0,21.759999999999998,0,2
46,SA_012,2.6505,T,B,Bisphenol carbonate,O=C(Oc1ccccc1)Oc1ccccc1,ChemAxon,O=C(Oc1ccccc1)Oc1ccccc1,Bisphenol carbonate,O=C(Oc1ccccc1)Oc1ccccc1,214.21999999999997,13.37893713625,2,2,35.53,0,3
47,SA_028,2.5577,P,B,tert-Butyl vinyl ether,CC(C)(C)OC=C,PubChemPy,CC(C)(C)OC=C,tert-Butyl vinyl ether,C=COC(C)(C)C,100.16099999999999,14.298402143428572,1,0,9.23,0,1
48,SA_031,2.5134,T,B,Cellulose nitrate,"C(C1C(C(C(C(O1)OC2C(OC(C(C2O[N+](=O)
[O-])O[N+](=O)[O-])O[N+](=O)[O-
])CO[N+](=O)[O-])O[N+](=O)[O-
])O[N+](=O)[O-
])OC3C(C(C(C(O3)CO[N+](=O)[O-
])O[N+](=O)[O-])O[N+](=O)[O-
])O[N+](=O)[O-])O[N+](=O)[O-]",PubChemPy,C(C1C(C(C(C(O1)OC2C(OC(C(C2O[N+](=O)[O-])O[N+](=O)[O-])O[N+](=O)[O-])CO[N+](=O)[O-])O[N+](=O)[O-])O[N+](=O)[O-])OC3C(C(C(C(O3)CO[N+](=O)[O-])O[N+](=O)[O-])O[N+](=O)[O-])O[N+](=O)[O-])O[N+](=O)[O-],Cellulose nitrate,O=[N+]([O-])OCC1OC(OC2C(CO[N+](=O)[O-])OC(O[N+](=O)[O-])C(O[N+](=O)[O-])C2O[N+](=O)[O-])C(O[N+](=O)[O-])C(O[N+](=O)[O-])C1OC1OC(CO[N+](=O)[O-])C(O[N+](=O)[O-])C(O[N+](=O)[O-])C1O[N+](=O)[O-],999.4050000000003,14.910520824358214,29,0,622.22,0,38
49,SA_034,2.3676,T,B,trans-Chlorobutadiene,Cl\C=C\C=C,ChemAxon,Cl\C=C\C=C,trans-Chlorobutadiene,C=C/C=C/Cl,88.537,17.601595568,1,0,0.0,0,0
50,SA_042,2.5492,T,B,Cyclohexyl vinyl ether,C=COC1CCCCC1,PubChemPy,C=COC1CCCCC1,Cyclohexyl vinyl ether,C=COC1CCCCC1,126.19900000000001,14.011607229777777,2,0,9.23,0,1
51,SA_054,2.7,T,B,Methacrylic acid,CC(=C)C(=O)O,PubChemPy,CC(=C)C(=O)O,Methacrylic acid,C=C(C)C(=O)O,86.08999999999997,14.339463238666667,1,0,37.3,1,1
52,SA_055,2.6356,T,B,Methacrylic anhydride,CC(=C)C(=O)OC(=O)C(=C)C,PubChemPy,CC(=C)C(=O)OC(=O)C(=C)C,Methacrylic anhydride,C=C(C)C(=O)OC(=O)C(=C)C,154.16499999999996,14.005726743636364,2,0,43.370000000000005,0,3
53,SA_060,2.4364,P,B,Methyl cellulose,COCC1C(C(C(C(O1)OC2C(OC(C(C2OC)OC)OC)COC)OC)OC)OC,PubChemPy,COCC1C(C(C(C(O1)OC2C(OC(C(C2OC)OC)OC)COC)OC)OC)OC,Methyl cellulose,COCC1OC(OC2C(COC)OC(OC)C(OC)C2OC)C(OC)C(OC)C1OC,454.5130000000002,14.652948775354835,12,0,101.53000000000003,0,11
54,SA_065,2.2722,T,B,Methylphenylsiloxane,CC1=CC=C(C=C1)[Si]O,PubChemPy,CC1=CC=C(C=C1)[Si]O,Methylphenylsiloxane,Cc1ccc([Si]O)cc1,136.226,15.114937934000002,1,1,20.23,1,1
55,SA_066,2.4671,T,B,Methylstyrene,CC1=CC=C(C=C1)C=C,PubChemPy,CC1=CC=C(C=C1)C=C,Methylstyrene,C=Cc1ccc(C)cc1,118.17899999999997,13.11980559111111,1,1,0.0,0,0
56,SA_070,2.4999,P,B,tetramethylene adipamide,C1CCN(C1)C(=O)CCCCC(=O)N,PubChemPy,C1CCN(C1)C(=O)CCCCC(=O)N,tetramethylene adipamide,NC(=O)CCCCC(=O)N1CCCC1,198.26599999999996,14.152630558285713,5,0,63.400000000000006,1,2
57,SA_071,2.5121,T,B,caprolactam,O=C1CCCCCN1,ChemAxon,O=C1CCCCCN1,caprolactam,O=C1CCCCCN1,113.16000000000001,14.1355079965,0,0,29.1,1,1
58,SA_073,2.52,T,B,hexamethylene azelamide,C1CCCN(CC1)C(=O)CCCCCCCC(=O)N,PubChemPy,C1CCCN(CC1)C(=O)CCCCCCCC(=O)N,hexamethylene azelamide,NC(=O)CCCCCCCC(=O)N1CCCCCC1,268.40099999999995,14.116583059789473,8,0,63.400000000000006,1,2
59,SA_078,2.5161,P,B,1-Octadecene,CCCCCCCCCCCCCCCCC=C,PubChemPy,CCCCCCCCCCCCCCCCC=C,1-Octadecene,C=CCCCCCCCCCCCCCCCC,252.4859999999999,14.015650063999999,15,0,0.0,0,0
60,SA_079,2.2384,P,B,Octadecyl methacrylate,CCCCCCCCCCCCCCCCCCOC(=O)C(=C)C,PubChemPy,CCCCCCCCCCCCCCCCCCOC(=O)C(=C)C,Octadecyl methacrylate,C=C(C)C(=O)OCCCCCCCCCCCCCCCCCC,338.5760000000001,14.096603357666666,18,0,26.3,0,2
61,SA_080,2.3225,T,B,1-Octene,CCCCCCC=C,PubChemPy,CCCCCCC=C,1-Octene,C=CCCCCCC,112.216,14.015650063999999,5,0,0.0,0,0
62,SA_085,2.6974,T,B,p-Phenylene isophthalamide,NC(=O)c1ccc(cc1)C(=O)n1c2cc1ccc2,PubChem,NC(=O)c1ccc(cc1)C(=O)n1c2cc1ccc2,p-Phenylene isophthalamide,NC(=O)c1ccc(C(=O)N2c3cccc2c3)cc1,238.24599999999998,13.226345975555555,2,1,63.400000000000006,1,2
63,SA_086,2.5589,T,B,"N,N-Dimethylacrylamide",CN(C)C(=O)C=C,PubChemPy,CN(C)C(=O)C=C,"N,N-Dimethylacrylamide",C=CC(=O)N(C)C,99.133,14.152630558285713,1,0,20.310000000000002,0,1
64,SA_095,2.3246,T,B,Dodecyl vinyl ether,CCCCCCCCCCCCOC=C,PubChemPy,CCCCCCCCCCCCOC=C,Dodecyl vinyl ether,C=COCCCCCCCCCCCC,212.37699999999995,14.147601034400001,12,0,9.23,0,1
65,SA_096,2.4136,P,B,Epibromohydrin,C1C(O1)CBr,PubChemPy,C1C(O1)CBr,Epibromohydrin,BrCC1CO1,136.976,27.190475376000002,1,0,12.53,0,1
66,SA_097,2.3999,T,B,Epichlorohydrin,C1C(O1)CCl,PubChemPy,C1C(O1)CCl,Epichlorohydrin,ClCC1CO1,92.525,18.400578492,1,0,12.53,0,1
67,SA_098,2.3078,T,B,"1,2-Epoxybutane",CCC1CO1,PubChemPy,CCC1CO1,"1,2-Epoxybutane",CCC1CO1,72.107,14.4115029752,1,0,12.53,0,1
68,SA_099,2.3078,P,B,"1,2-Epoxydecane",CCCCCCCCC1CO1,PubChemPy,CCCCCCCCC1CO1,"1,2-Epoxydecane",CCCCCCCCC1CO1,156.26899999999998,14.195583205454545,7,0,12.53,0,1
69,SA_100,2.3142,T,B,"1,2-Epoxyoctane",CCCCCCC1CO1,PubChemPy,CCCCCCC1CO1,"1,2-Epoxyoctane",CCCCCCC1CO1,128.215,14.235568348,5,0,12.53,0,1
70,SA_104,2.4999,T,B,Ethyl cellulose,"CCOCC1C(C(C(C(O1)OC)OCC)OCC)OC2C(
C(C(C(O2)CO)OC)O)O",PubChemPy,CCOCC1C(C(C(C(O1)OC)OCC)OCC)OC2C(C(C(C(O2)CO)OC)O)O,Ethyl cellulose,CCOCC1OC(OC)C(OCC)C(OCC)C1OC1OC(CO)C(OC)C(O)C1O,454.51300000000015,14.652948775354835,12,0,134.53000000000003,3,11
71,SA_108,2.5107,T,B,Ethylene isophthalate,O=C1OCCOC(=O)c2cccc1c2,PubChem,O=C1OCCOC(=O)c2cccc1c2,Ethylene isophthalate,O=C1OCCOC(=O)c2cccc1c2,192.17000000000002,13.717304195428571,0,1,52.6,0,4
72,SA_109,2.3877,P,B,Ethylene malonate,C1COC(=O)CC(=O)O1,PubChemPy,C1COC(=O)CC(=O)O1,Ethylene malonate,O=C1CC(=O)OCCO1,130.099,14.447400963555557,0,0,52.60000000000001,0,4
73,SA_110,2.5868,T,B,"ethylene naphthalene-2,6-dicarboxylate",O=C1OCCOC(=O)c2cc3c(cc2)cc1cc3,PubChem,O=C1OCCOC(=O)c2cc3c(cc2)cc1cc3,"ethylene naphthalene-2,6-dicarboxylate",O=C1OCCOC(=O)c2ccc3cc1ccc3c2,242.23000000000002,13.4476616,0,2,52.6,0,4
74,SA_111,2.3163,P,B,Ethylene oxide,C1CO1,PubChemPy,C1CO1,Ethylene oxide,C1CO1,44.053,14.675404916,0,0,12.53,0,1
75,SA_117,2.362,T,B,Ethyl vinyl ether,CCOC=C,PubChemPy,CCOC=C,Ethyl vinyl ether,C=COCC,72.107,14.4115029752,2,0,9.23,0,1
76,SA_127,2.5541,T,B,Indene,C1C=CC2=CC=CC=C21,PubChemPy,C1C=CC2=CC=CC=C21,Indene,C1=Cc2ccccc2C1,116.16299999999997,12.89584447288889,0,1,0.0,0,0
77,SA_129,2.5834,P,B,Isobornyl methacrylate,CC(=C)C(=O)OC1CC2CCC1(C2(C)C)C,PubChemPy,CC(=C)C(=O)OC1CC2CCC1(C2(C)C)C,Isobornyl methacrylate,C=C(C)C(=O)OC1CC2CCC1(C)C2(C)C,222.32799999999992,13.8851237465,2,0,26.3,0,2
78,SA_133,2.5405,T,B,Phenyl vinyl ketone,C=CC(=O)C1=CC=CC=C1,PubChemPy,C=CC(=O)C1=CC=CC=C1,Phenyl vinyl ketone,C=CC(=O)c1ccccc1,132.16199999999998,13.2057514876,2,1,17.07,0,1
79,SA_139,2.3505,T,B,Propyl vinyl ether,CCCOC=C,PubChemPy,CCCOC=C,Propyl vinyl ether,C=COCCC,86.134,14.34552749,3,0,9.23,0,1
80,SA_146,2.2768,T,B,Tetrahydrofuran,C1CCOC1,PubChemPy,C1CCOC1,Tetrahydrofuran,C1CCOC1,72.107,14.4115029752,0,0,9.23,0,1
81,SA_148,2.4626,T,B,Tetramethylene terephthalate,CCCCOC(=O)c1ccc(cc1)C(=O)OCCCC,ChemAxon,CCCCOC(=O)c1ccc(cc1)C(=O)OCCCC,Tetramethylene terephthalate,CCCCOC(=O)c1ccc(C(=O)OCCCC)cc1,278.3479999999999,13.9075904592,8,1,52.60000000000001,0,4
82,SA_151,2.2904,P,B,Trimethylene oxide,C1COC1,PubChemPy,C1COC1,Trimethylene oxide,C1COC1,58.07999999999999,14.510466203,0,0,9.23,0,1
83,SA_158,2.573,T,B,Vinyl 4-tert-butylbenzoate,CC(C)(C)C1=CC=C(C=C1)C(=O)OC=C,PubChemPy,CC(C)(C)C1=CC=C(C=C1)C(=O)OC=C,Vinyl 4-tert-butylbenzoate,C=COC(=O)c1ccc(C(C)(C)C)cc1,204.26899999999998,13.607668650133332,2,1,26.3,0,2
84,SA_160,2.6991,T,B,Vinyl carbazole,C=CC1=C2C(=CC=C1)C3=CC=CC=C3N2,PubChemPy,C=CC1=C2C(=CC=C1)C3=CC=CC=C3N2,Vinyl carbazole,C=Cc1cccc2c1[nH]c1ccccc12,193.249,12.8726099568,1,3,15.79,1,0
85,SA_162,2.543,T,B,Vinyl cyclohexanoate,C=COC(=O)C1CCCCC1,ChemAxon,C=COC(=O)C1CCCCC1,Vinyl cyclohexanoate,C=COC(=O)C1CCCCC1,154.20899999999997,14.009034517090909,2,0,26.3,0,2
86,SA_164,2.4971,T,B,Vinyl fluoride,C=CF,PubChemPy,C=CF,Vinyl fluoride,C=CF,46.044,15.340626105333333,0,0,0.0,0,0
87,SA_169,2.5553,P,B,Vinyl pivalate,CC(C)(C)C(=O)OC=C,PubChemPy,CC(C)(C)C(=O)OC=C,Vinyl pivalate,C=COC(=O)C(C)(C)C,128.17099999999996,14.231525513777777,1,0,26.3,0,2
88,SA_171,2.5765,T,B,2-Vinylpyridine,C=CC1=CC=CC=N1,PubChemPy,C=CC1=CC=CC=N1,2-Vinylpyridine,C=Cc1ccccn1,105.13999999999999,13.132231153,1,1,12.89,0,1
89,SA_172,2.6182,T,B,4-Vinylpyridine,C=CC1=CC=NC=C1,PubChemPy,C=CC1=CC=NC=C1,4-Vinylpyridine,C=Cc1ccncc1,105.13999999999999,13.132231153,1,1,12.89,0,1
90,JPS_01,2.3483,T,C,hexafluoropropylene oxide,C1(C(O1)(F)F)(C(F)(F)F)F,PubChemPy,C1(C(O1)(F)F)(C(F)(F)F)F,hexafluoropropylene oxide,FC(F)(F)C1(F)OC1(F)F,166.01999999999998,16.598533394,0,0,12.53,0,1
91,JPS_02,2.5888,T,C,tetrafluoroethylene,C(=C(F)F)(F)F,PubChemPy,C(=C(F)F)(F)F,tetrafluoroethylene,FC(F)=C(F)F,100.01400000000001,16.665602146666668,0,0,0.0,0,0
92,JPS_03,2.1703,T,C,dimethylsiloxane,C[SiH](C)O,SigmaAldrich,C[SiH](C)O,dimethylsiloxane,C[SiH](C)O,76.17099999999999,19.0086103515,0,0,20.23,1,1
93,JPS_04,2.42,T,C,trifluoroethyl acrylate,FC(F)(F)COC(=O)C=C,ChemAxon,FC(F)(F)COC(=O)C=C,trifluoroethyl acrylate,C=CC(=O)OCC(F)(F)F,154.087,15.402416406,2,0,26.3,0,2
94,JPS_05,2.3674,T,C,vinylidene fluoride,C=C(F)F,PubChemPy,C=C(F)F,vinylidene fluoride,C=C(F)F,64.034,16.003114126,0,0,0.0,0,0
95,JPS_06,2.3997,T,C,vinyl isobutyl ether,CC(C)COC=C,PubChemPy,CC(C)COC=C,vinyl isobutyl ether,C=COCC(C)C,100.16099999999999,14.298402143428572,3,0,9.23,0,1
96,JPS_08,2.4048,T,C,vinyl ethyl ether,CCOC=C,PubChemPy,CCOC=C,vinyl ethyl ether,C=COCC,72.107,14.4115029752,2,0,9.23,0,1
97,JPS_09,2.3444,T,C,vinyl n-butyl ether,CCCCOC=C,PubChemPy,CCCCOC=C,vinyl n-butyl ether,C=COCCCC,100.161,14.298402143428572,4,0,9.23,0,1
98,JPS_10,2.3139,T,C,oxyethylene,OCC,PubChem,OCC,oxyethylene,CCO,46.069,15.347288270666667,0,0,20.23,1,1
99,JPS_12,2.2878,T,C,3-butoxylpropylene oxide,CCCCOCC1CO1,PubChem,CCCCOCC1CO1,3-butoxylpropylene oxide,CCCCOCC1CO1,130.18699999999998,14.455486632,5,0,21.759999999999998,0,2
100,JPS_13,2.316,T,C,vinyl n-pentyl ether,CCCCCOC=C,PubChem,CCCCCOC=C,vinyl n-pentyl ether,C=COCCCCC,114.188,14.2630581335,5,0,9.23,0,1
101,JPS_14,2.2742,P,C,3-hexoxylpropylene oxide,OC(COCCCCCC)C,Reference,OC(COCCCCCC)C,3-hexoxylpropylene oxide,CCCCCCOCC(C)O,160.257,14.558757261818181,7,0,29.46,1,2
102,JPS_15,2.2878,T,C,vinyl n-octyl ether,CCCCCCCCOC=C,PubChem,CCCCCCCCOC=C,vinyl n-octyl ether,C=COCCCCCCCC,156.269,14.195583205454545,8,0,9.23,0,1
103,JPS_16,2.316,T,C,vinyl 2-ethylhexyl ether,CCCCC(CC)COC=C,PubChemPy,CCCCC(CC)COC=C,vinyl 2-ethylhexyl ether,C=COCC(CC)CCCC,156.26899999999998,14.195583205454545,7,0,9.23,0,1
104,JPS_17,2.2945,T,C,vinyl n-decyl ether,CCCCCCCCCCOC=C,PubChem,CCCCCCCCCCOC=C,vinyl n-decyl ether,C=COCCCCCCCCCC,184.32299999999998,14.167901183692306,10,0,9.23,0,1
105,JPS_18,2.5922,P,C,tert-butyl methacrylate,CC(=C)C(=O)OC(C)(C)C,PubChemPy,CC(=C)C(=O)OC(C)(C)C,tert-butyl methacrylate,C=C(C)C(=O)OC(C)(C)C,142.19799999999998,14.2099379688,1,0,26.3,0,2
106,JPS_19,2.48,T,C,4-methyl 1-pentene,CC(C)CC=C,PubChemPy,CC(C)CC=C,4-methyl 1-pentene,C=CCC(C)C,84.16199999999999,14.015650063999999,2,0,0.0,0,0
107,JPS_20,2.3404,P,C,n-butyl acrylate,CCCCOC(=O)C=C,PubChemPy,CCCCOC(=O)C=C,n-butyl acrylate,C=CC(=O)OCCCC,128.171,14.231525513777777,4,0,26.3,0,2
108,JPS_21,2.4518,T,C,vinyl propionate,CCC(=O)OC=C,PubChemPy,CCC(=O)OC=C,vinyl propionate,C=COC(=O)CC,100.11699999999999,14.293204213714287,2,0,26.3,0,2
109,JPS_22,2.415,T,C,vinyl methyl ether,COC=C,PubChemPy,COC=C,vinyl methyl ether,C=COC,58.08,14.510466203,1,0,9.23,0,1
110,JPS_23,2.4786,T,C,vinyl acetate,CC(=O)OC=C,PubChemPy,CC(=O)OC=C,vinyl acetate,C=COC(C)=O,86.08999999999999,14.339463238666667,1,0,26.3,0,2
111,JPS_24,2.3997,T,C,ethyl acrylate,CCOC(=O)C=C,PubChemPy,CCOC(=O)C=C,ethyl acrylate,C=CC(=O)OCC,100.11699999999999,14.293204213714287,2,0,26.3,0,2
112,JPS_25,2.5145,T,C,isopropyl methacrylate,CC(C)OC(=O)C(=C)C,PubChemPy,CC(C)OC(=O)C(=C)C,isopropyl methacrylate,C=C(C)C(=O)OC(C)C,128.17099999999996,14.231525513777777,2,0,26.3,0,2
113,JPS_26,2.3674,T,C,propylene,CC=C,PubChemPy,CC=C,propylene,C=CC,42.080999999999996,14.015650063999999,0,0,0.0,0,0
114,JPS_27,2.4031,P,C,Poly((2R)?2?ethoxybutane),CCO[C@H](C)CC,PubChem,CCO[C@H](C)CC,Poly((2R)?2?ethoxybutane),CCO[C@H](C)CC,102.177,14.586352152571427,3,0,9.23,0,1
115,JPS_28,2.3385,T,C,dodecyl methacrylate,CCCCCCCCCCCCOC(=O)C(=C)C,PubChemPy,CCCCCCCCCCCCOC(=O)C(=C)C,dodecyl methacrylate,C=C(C)C(=O)OCCCCCCCCCCCC,254.41399999999987,14.123587788888889,12,0,26.3,0,2
116,JPS_29,2.4346,T,C,ethylene succinate,C1CC(=O)OCCOC1=O,PubChemPy,C1CC(=O)OCCOC1=O,ethylene succinate,O=C1CCC(=O)OCCO1,144.12599999999998,14.404225873600002,0,0,52.60000000000001,0,4
117,JPS_30,2.4829,T,C,vinyl formate,C=COC=O,PubChemPy,C=COC=O,vinyl formate,C=COC=O,72.063,14.404225873600002,2,0,26.3,0,2
118,JPS_31,2.1703,P,C,ethylene,C=C,PubChemPy,C=C,ethylene,C=C,28.053999999999995,14.015650063999999,0,0,0.0,0,0
119,JPS_34,2.3385,T,C,oxymethylene,C=O,PubChemPy,C=O,oxymethylene,C=O,30.026,15.005282342,0,0,17.07,0,1
120,JPS_35,2.4281,T,C,n-hexyl methacrylate,CCCCCCOC(=O)C(=C)C,PubChemPy,CCCCCCOC(=O)C(=C)C,n-hexyl methacrylate,C=C(C)C(=O)OCCCCCC,170.25199999999995,14.177556651333333,6,0,26.3,0,2
121,JPS_36,2.4669,T,C,n-butyl methacrylate,CCCCOC(=O)C(=C)C,PubChemPy,CCCCOC(=O)C(=C)C,n-butyl methacrylate,C=C(C)C(=O)OCCCC,142.19799999999998,14.2099379688,4,0,26.3,0,2
122,JPS_37,2.4886,T,C,n-propyl methacrylate,CCCOC(=O)C(=C)C,PubChemPy,CCCOC(=O)C(=C)C,n-propyl methacrylate,C=C(C)C(=O)OCCC,128.17099999999996,14.231525513777777,3,0,26.3,0,2
123,JPS_38,2.5105,T,C,ethyl methacrylate,CCOC(=O)C(=C)C,PubChemPy,CCOC(=O)C(=C)C,ethyl methacrylate,C=C(C)C(=O)OCC,114.14399999999998,14.258509945,2,0,26.3,0,2
124,JPS_39,2.5105,T,C,vinyl butyral,CCC1OCCCO1,PubChem,CCC1OCCCO1,vinyl butyral,CCC1OCCCO1,116.16,14.510466203,1,0,18.46,0,2
125,JPS_40,2.5775,P,C,methyl methacrylate,CC(=C)C(=O)OC,PubChemPy,CC(=C)C(=O)OC,methyl methacrylate,C=C(C)C(=O)OC,100.11699999999998,14.293204213714287,1,0,26.3,0,2
126,JPS_41,2.5403,P,C,sec-butyl a-chloroacrylate,CC(Cl)C(=O)OC(CC)C,Reference,CC(Cl)C(=O)OC(CC)C,sec-butyl a-chloroacrylate,CCC(C)OC(=O)C(C)Cl,164.63199999999998,16.4060407336,3,0,26.3,0,2
127,JPS_42,2.4298,T,C,"1,2-butadiene",CC=C=C,PubChemPy,CC=C=C,"1,2-butadiene",C=C=CC,54.092,13.511737548,0,0,0.0,0,0
128,JPS_43,2.5539,P,C,ethanol,CCO,PubChemPy,CCO,ethanol,CCO,46.069,15.347288270666667,0,0,20.23,1,1
129,JPS_44,2.29,P,C,ethyl a-chloroacrylate,CC(Cl)C(=O)OCC,Reference,CC(Cl)C(=O)OCC,ethyl a-chloroacrylate,CCOC(=O)C(C)Cl,136.57799999999997,17.003638401,2,0,26.3,0,2
130,JPS_45,2.4669,P,C,2-methylcyclohexyl methacrylate,C1C(C(CCC1)OC(=O)C(C)C)C,Reference,C1C(C(CCC1)OC(=O)C(C)C)C,2-methylcyclohexyl methacrylate,CC(C)C(=O)OC1CCCCC1C,184.27899999999994,14.165102298461537,2,0,26.3,0,2
131,JPS_46,2.5763,P,C,cyclohexyl methacrylate,CC(=C)C(=O)OC1CCCCC1,PubChemPy,CC(=C)C(=O)OC1CCCCC1,cyclohexyl methacrylate,C=C(C)C(=O)OC1CCCCC1,168.23599999999993,14.009585812666666,2,0,26.3,0,2
132,JPS_47,2.5551,T,C,2-hydroxyethyl methacrylate,CC(=C)C(=O)OCCO,PubChemPy,CC(=C)C(=O)OCCO,2-hydroxyethyl methacrylate,C=C(C)C(=O)OCCO,130.143,14.451443797777777,3,0,46.53,1,3
133,JPS_48,2.4829,T,C,vinyl chloroacetate,C=COC(=O)CCl,PubChemPy,C=COC(=O)CCl,vinyl chloroacetate,C=COC(=O)CCl,120.535,17.14254386857143,2,0,26.3,0,2
134,JPS_49,2.5623,T,C,2-chloroethyl methacrylate,CC(=C)C(=O)OCCCl,PubChemPy,CC(=C)C(=O)OCCCl,2-chloroethyl methacrylate,C=C(C)C(=O)OCCCl,148.589,16.447678578666668,3,0,26.3,0,2
135,JPS_50,2.5775,T,C,acrylonitrile,C=CC#N,PubChemPy,C=CC#N,acrylonitrile,C=CC#N,53.06399999999999,13.256637274,0,0,23.79,0,1
136,JPS_51,2.3075,T,C,isoprene,CC(=C)C=C,PubChemPy,CC(=C)C=C,isoprene,C=CC(=C)C,68.119,13.612520051199999,1,0,0.0,0,0
137,JPS_52,2.5786,P,C,acrylic acid,C=CC(=O)O,PubChemPy,C=CC(=O)O,acrylic acid,C=CC(=O)O,72.06299999999999,14.404225873600002,1,0,37.3,1,1
138,JPS_53,2.6212,T,C,N-vinylpyrrolidone,C=CN1CCCC1=O,PubChemPy,C=CN1CCCC1=O,N-vinylpyrrolidone,C=CN1CCCC1=O,111.14399999999999,13.8835517385,1,0,20.310000000000002,0,1
139,JPS_54,2.2718,T,C,oxy-methylphenylsilylene,O[SiH](C)c1ccccc1,Reference,O[SiH](C)c1ccccc1,oxy-methylphenylsilylene,C[SiH](O)c1ccccc1,138.242,15.338899052222224,1,1,20.23,1,1
140,JPS_55,2.5877,T,C,cyclohexyl a-chloroacrylate,CC(Cl)C(=O)OC1CCCCC1,Reference,CC(Cl)C(=O)OC1CCCCC1,cyclohexyl a-chloroacrylate,CC(Cl)C(=O)OC1CCCCC1,190.66999999999993,15.839671449999999,2,0,26.3,0,2
141,JPS_56,2.5416,T,C,vinyl chloride,C=CCl,PubChemPy,C=CCl,vinyl chloride,C=CCl,62.498999999999995,20.664109258666667,0,0,0.0,0,0
142,JPS_57,2.3522,T,C,chloroprene,C=CC(=C)Cl,PubChemPy,C=CC(=C)Cl,chloroprene,C=CC(=C)Cl,88.537,17.601595568,1,0,0.0,0,0
143,JPS_58,2.5145,P,C,benzyl methacrylate,CC(=C)C(=O)OCC1=CC=CC=C1,PubChemPy,CC(=C)C(=O)OCC1=CC=CC=C1,benzyl methacrylate,C=C(C)C(=O)OCc1ccccc1,176.215,13.54490227876923,3,1,26.3,0,2
144,JPS_60,2.5378,T,C,ethylene terephthalate,C1=CC(=CC=C1C(=O)O)C(=O)OCCOC(=O)C2=CC=C(C=C2)C(=O)O,PubChemPy,C1=CC(=CC=C1C(=O)O)C(=O)OCCOC(=O)C2=CC=C(C=C2)C(=O)O,ethylene terephthalate,O=C(O)c1ccc(C(=O)OCCOC(=O)c2ccc(C(=O)O)cc2)cc1,358.302,13.771879515692307,7,2,127.2,2,6
145,JPS_62,2.5366,P,C,vinyl benzoate,C=COC(=O)C1=CC=CC=C1,PubChemPy,C=COC(=O)C1=CC=CC=C1,vinyl benzoate,C=COC(=O)c1ccccc1,148.16099999999997,13.459311772363636,2,1,26.3,0,2
146,JPS_63,2.6117,T,C,o-methoxy styrene,CCc1ccccc1OC,Reference,CCc1ccccc1OC,o-methoxy styrene,CCc1ccccc1OC,136.19399999999996,13.608881500399999,2,1,9.23,0,1
147,JPS_64,2.5717,T,C,styrene,C=CC1=CC=CC=C1,PubChemPy,C=CC1=CC=CC=C1,styrene,C=Cc1ccccc1,104.15199999999997,13.007825032,1,1,0.0,0,0
148,JPS_65,2.3541,P,C,propylene sulfide,CC1CS1,PubChemPy,CC1CS1,propylene sulfide,CC1CS1,74.148,18.504755298,0,0,0.0,0,1
149,JPS_66,2.6946,P,C,N-benzyl-methacrylamide,c1ccccc1CNC(=O)C(C)C,Reference,c1ccccc1CNC(=O)C(C)C,N-benzyl-methacrylamide,CC(C)C(=O)NCc1ccccc1,177.247,13.624258776923076,3,1,29.1,1,1
150,JPS_67,2.5587,T,C,p-methoxy styrene,c1cc(ccc1CC)OC,Reference,c1cc(ccc1CC)OC,p-methoxy styrene,CCc1ccc(OC)cc1,136.194,13.608881500399999,2,1,9.23,0,1
151,JPS_68,2.4082,T,C,vinylidene-chloride,C=C(Cl)Cl,PubChemPy,C=C(Cl)Cl,vinylidene-chloride,C=C(Cl)Cl,96.944,23.988338856,0,0,0.0,0,0
152,JPS_69,2.5933,T,C,o-chloro-styrene,c1(ccccc1CC)Cl,Reference,c1(ccccc1CC)Cl,o-chloro-styrene,CCc1ccccc1Cl,140.61299999999997,15.559919774222221,1,1,0.0,0,0
153,JPS_70,2.6435,P,C,"2,6-dichlorostyrene",C=CC1=C(C=CC=C1Cl)Cl,PubChemPy,C=CC1=C(C=CC=C1Cl)Cl,"2,6-dichlorostyrene",C=Cc1c(Cl)cccc1Cl,173.04199999999997,17.1984655552,1,1,0.0,0,0
154,JPS_71,2.5478,T,C,chloro-p-xylylene,c1(cccc(c1)Cl)C=C,Reference,c1(cccc(c1)Cl)C=C,chloro-p-xylylene,C=Cc1cccc(Cl)c1,138.597,15.335958655999999,1,1,0.0,0,0
155,JPS_72,2.6928,P,C,"oxy-2,6-diphenyl 1,4-phenylene",c1(cccc(c1O)C)C,Reference,c1(cccc(c1O)C)C,"oxy-2,6-diphenyl 1,4-phenylene",Cc1cccc(C)c1O,122.16699999999999,13.563684993333332,0,1,20.23,1,1
156,JPS_73,2.5224,P,C,p-xylylene,C=C1C=CC(=C)C=C1,PubChemPy,C=C1C=CC(=C)C=C1,p-xylylene,C=c1ccc(=C)cc1,104.15199999999999,13.007825032,0,1,0.0,0,0
157,JPS_74,2.6355,T,C,a-vinyle naphthalene,c1(cc2c(cc1)cccc2)CC,Reference,c1(cc2c(cc1)cccc2)CC,a-vinyle naphthalene,CCc1ccc2ccccc2c1,156.22799999999998,13.007825032,1,2,0.0,0,0
158,JPS_75,2.6263,P,C,N-vinyl carbazole,C=CN1C2=CC=CC=C2C3=CC=CC=C31,PubChemPy,C=CN1C2=CC=CC=C2C3=CC=CC=C31,N-vinyl carbazole,C=Cn1c2ccccc2c2ccccc21,193.24899999999997,12.8726099568,1,3,4.93,0,1
159,JPS_76,2.5353,P,C,pentafluoropropyl acrylate,C(C)C(=O)OCC(F)(C(F)(F)F)F,Reference,C(C)C(=O)OCC(F)(C(F)(F)F)F,pentafluoropropyl acrylate,CCC(=O)OCC(F)(F)C(F)(F)F,206.10999999999996,15.848970812615384,3,0,26.3,0,2
160,JPS_77,2.5717,T,C,chlorotrifluoroethylene,C(=C(F)Cl)(F)F,PubChemPy,C(=C(F)Cl)(F)F,chlorotrifluoroethylene,FC(F)=C(F)Cl,116.46900000000001,19.327343723333332,0,0,0.0,0,0
161,JPS_78,2.3483,T,C,2-methoxyethyl acrylate,COCCOC(=O)C=C,PubChemPy,COCCOC(=O)C=C,2-methoxyethyl acrylate,C=CC(=O)OCCOC,130.14299999999997,14.451443797777777,4,0,35.53,0,3
162,JPS_79,2.3483,P,C,2-ethoxyethyl acrylate,CCOCCOC(=O)C=C,PubChemPy,CCOCCOC(=O)C=C,2-ethoxyethyl acrylate,C=CC(=O)OCCOCC,144.17,14.4078644244,5,0,35.53,0,3
163,AF_01,2.29,T,D,ethylene,C=C,PubChemPy,C=C,ethylene,C=C,28.053999999999995,14.015650063999999,0,0,0.0,0,0
164,AF_03,2.5599,T,D,cyclohexylethylene,C=CC1CCCCC1,PubChemPy,C=CC1CCCCC1,cyclohexylethylene,C=CC1CCCCC1,110.2,13.763693806,1,0,0.0,0,0
165,AF_04,2.4487,P,D,methyl acrylate,COC(=O)C=C,PubChemPy,COC(=O)C=C,methyl acrylate,C=CC(=O)OC,86.08999999999999,14.339463238666667,1,0,26.3,0,2
166,AF_06,2.5416,T,D,vinyl chloride,C=CCl,PubChemPy,C=CCl,vinyl chloride,C=CCl,62.498999999999995,20.664109258666667,0,0,0.0,0,0
167,AF_08,2.5933,P,D,2-chrolostyrene,C=CC1=CC=CC=C1Cl,PubChem,C=CC1=CC=CC=C1Cl,2-chrolostyrene,C=Cc1ccccc1Cl,138.59699999999998,15.335958655999999,1,1,0.0,0,0
168,AF_09,2.5899,P,D,4-chrolostyrene,C=CC1=CC=C(C=C1)Cl,PubChem,C=CC1=CC=C(C=C1)Cl,4-chrolostyrene,C=Cc1ccc(Cl)cc1,138.597,15.335958655999999,1,1,0.0,0,0
169,AF_11,2.5786,T,D,4-fluorostyrene,C=CC1=CC=C(C=C1)F,PubChemPy,C=CC1=CC=C(C=C1)F,4-fluorostyrene,C=Cc1ccc(F)cc1,122.14199999999998,13.561464271555556,1,1,0.0,0,0
170,AF_14,2.3201,T,D,vinyl hexyl ether,CCCCCCOC=C,PubChemPy,CCCCCCOC=C,vinyl hexyl ether,C=COCCCCCC,128.215,14.235568348,6,0,9.23,0,1
171,AF_15,2.4082,T,D,"1,1-dichloroethylene",C=C(Cl)Cl,PubChemPy,C=C(Cl)Cl,"1,1-dichloroethylene",C=C(Cl)Cl,96.944,23.988338856,0,0,0.0,0,0
172,AF_16,2.6117,T,D,a-methylstyrene,CC(=C)C1=CC=CC=C1,PubChemPy,CC(=C)C1=CC=CC=C1,a-methylstyrene,C=C(C)c1ccccc1,118.17899999999995,13.11980559111111,1,1,0.0,0,0
173,AF_22,2.2788,T,D,oxytetramethylene,OCCCCO,SpectraBase,OCCCCO,oxytetramethylene,OCCCCO,90.122,15.011346593333334,3,0,40.46,2,2
174,AF_24,2.3075,T,D,oxyoctamethylene,OCCCCCCCCO,ChemAxon,OCCCCCCCCO,oxyoctamethylene,OCCCCCCCCO,146.23000000000002,14.6130679816,7,0,40.46,2,2
175,AF_25,2.316,T,D,vinyl-n-pentyl ether,C=CCCCCCOCCCCCC=C,ChemAxon,C=CCCCCCOCCCCCC=C,vinyl-n-pentyl ether,C=CCCCCCOCCCCCC=C,210.36099999999993,14.013224363466666,12,0,9.23,0,1
176,AF_26,2.3181,T,D,n-octyl acrylate,CCCCCCCCOC(=O)C=C,PubChemPy,CCCCCCCCOC(=O)C=C,n-octyl acrylate,C=CC(=O)OCCCCCCCC,184.27899999999997,14.165102298461537,8,0,26.3,0,2
177,AF_27,2.3284,P,D,n-heptyl acrylate,CCCCCCCOC(=O)C=C,PubChemPy,CCCCCCCOC(=O)C=C,n-heptyl acrylate,C=CC(=O)OCCCCCCC,170.25199999999998,14.177556651333333,7,0,26.3,0,2
178,AF_31,2.4969,T,D,pentafluoroethyl ethylene,FC(F)(F)C(F)(F)C=C,ChemAxon,FC(F)(F)C(F)(F)C=C,pentafluoroethyl ethylene,C=CC(F)(F)C(F)(F)F,146.058,16.223943466222224,1,0,0.0,0,0
179,AF_32,2.5024,T,D,"3,3-dimethylbutyl methacrylate",CC(=C)C(=O)OCCC(C)(C)C,ChemAxon,CC(=C)C(=O)OCCC(C)(C)C,"3,3-dimethylbutyl methacrylate",C=C(C)C(=O)OCCC(C)(C)C,170.25199999999998,14.177556651333333,3,0,26.3,0,2
180,AF_33,2.5038,T,D,vinyl trifluoroacetate,C=COC(=O)C(F)(F)F,PubChemPy,C=COC(=O)C(F)(F)F,vinyl trifluoroacetate,C=COC(=O)C(F)(F)F,140.06,15.556501555111112,1,0,26.3,0,2
181,AF_34,2.5185,P,D,n-butyl a-chloroacrylate,CCCCOC(=O)C(Cl)=C,ChemAxon,CCCCOC(=O)C(Cl)=C,n-butyl a-chloroacrylate,C=C(Cl)C(=O)OCCCC,162.61599999999996,16.2044757272,4,0,26.3,0,2
182,AF_35,2.5198,P,D,heptafluoropropyl ethylene,FC(F)(F)C(F)(F)C(F)(F)C=C,ChemAxon,FC(F)(F)C(F)(F)C(F)(F)C=C,heptafluoropropyl ethylene,C=CC(F)(F)C(F)(F)C(F)(F)F,196.06499999999997,16.334358136333332,2,0,0.0,0,0
183,AF_36,2.4133,T,D,5-methyl-1-hexene,CC(C)CCC=C,PubChemPy,CC(C)CCC=C,5-methyl-1-hexene,C=CCCC(C)C,98.18899999999998,14.015650063999999,3,0,0.0,0,0
184,AF_38,2.4456,P,D,[p-n-butylstyrene],CCCCC1=CC=C(C=C)C=C1,ChemAxon,CCCCC1=CC=C(C=C)C=C1,[p-n-butylstyrene],C=Cc1ccc(CCCC)cc1,160.26000000000002,13.343766709333332,4,1,0.0,0,0
185,AF_42,2.5224,T,D,3-phenyl-1-propene,C=CCC1=CC=CC=C1,PubChemPy,C=CCC1=CC=CC=C1,3-phenyl-1-propene,C=CCc1ccccc1,118.17899999999995,13.11980559111111,2,1,0.0,0,0
186,AF_50,2.5717,T,D,styrene,C=CC1=CC=CC=C1,PubChemPy,C=CC1=CC=CC=C1,styrene,C=Cc1ccccc1,104.15199999999997,13.007825032,1,1,0.0,0,0
187,AF_52,2.5729,P,D,4-methylstyrene,CC1=CC=C(C=C1)C=C,PubChemPy,CC1=CC=C(C=C1)C=C,4-methylstyrene,C=Cc1ccc(C)cc1,118.17899999999997,13.11980559111111,1,1,0.0,0,0
188,AF_53,2.3674,P,D,propylene,CC=C,PubChemPy,CC=C,propylene,C=CC,42.080999999999996,14.015650063999999,0,0,0.0,0,0
189,AF_55,2.3404,T,D,n-butyl acrylate,CCCCOC(=O)C=C,PubChemPy,CCCCOC(=O)C=C,n-butyl acrylate,C=CC(=O)OCCCC,128.171,14.231525513777777,4,0,26.3,0,2
190,AF_56,2.3674,T,D,"1,1-difluoroethylene",C=C(F)F,PubChemPy,C=C(F)F,"1,1-difluoroethylene",C=C(F)F,64.034,16.003114126,0,0,0.0,0,0
191,AF_57,2.5775,T,D,methyl methylacrylate,CC(=C)C(=O)OC,PubChemPy,CC(=C)C(=O)OC,methyl methylacrylate,C=C(C)C(=O)OC,100.11699999999998,14.293204213714287,1,0,26.3,0,2
192,AF_59,2.5623,P,D,2-chloroethyl methyl acrylate,COC(=O)C(=C)CCCl,ChemAxon,COC(=O)C(=C)CCCl,2-chloroethyl methyl acrylate,C=C(CCCl)C(=O)OC,148.58899999999997,16.447678578666668,3,0,26.3,0,2
193,AF_61,2.3385,T,D,oxymethylene,C=O,PubChemPy,C=O,oxymethylene,C=O,30.026,15.005282342,0,0,17.07,0,1
194,AF_62,2.29,T,D,oxytrimethylene,O=C1CC1,Reference,O=C1CC1,oxytrimethylene,O=C1CC1,56.064,14.006553687,0,0,17.07,0,1
195,AF_64,2.3096,T,D,oxyhexamethylene,OCCCCC=C,Reference,OCCCCC=C,oxyhexamethylene,C=CCCCCO,100.16099999999999,14.298402143428572,4,0,20.23,1,1
196,AF_66,2.4031,T,D,n-octyl methylacrylate,CCCCCCCCOC(=O)C(=C)C,ChemAxon,CCCCCCCCOC(=O)C(=C)C,n-octyl methylacrylate,C=C(C)C(=O)OCCCCCCCC,198.30599999999993,14.154427138857143,8,0,26.3,0,2
197,AF_68,2.3424,T,D,1-heptene,CCCCCC=C,PubChemPy,CCCCCC=C,1-heptene,C=CCCCCC,98.189,14.015650063999999,4,0,0.0,0,0
198,AF_70,2.4031,T,D,vinyl-sec-butyl ether,CC(CCC=C)OC(C)CCC=C,ChemAxon,CC(CCC=C)OC(C)CCC=C,vinyl-sec-butyl ether,C=CCCC(C)OC(C)CCC=C,182.30699999999993,14.01285117876923,8,0,9.23,0,1
199,AF_71,2.4983,P,D,"2,3,3,3-tetrafluoropropylene",FC(=C)C(F)(F)F,ChemAxon,FC(=C)C(F)(F)F,"2,3,3,3-tetrafluoropropylene",C=C(F)C(F)(F)F,114.04100000000001,16.287037563428573,0,0,0.0,0,0
200,AF_72,2.5038,T,D,N-butyl acrylamide,CCCCNC(=O)C=C,ChemAxon,CCCCNC(=O)C=C,N-butyl acrylamide,C=CC(=O)NCCCC,127.187,14.122190448444444,4,0,29.1,1,1
201,AF_73,2.5092,P,D,3-methyl-1-butene,CC(C)C=C,PubChemPy,CC(C)C=C,3-methyl-1-butene,C=CC(C)C,70.13499999999999,14.015650063999999,1,0,0.0,0,0
202,AF_76,2.4232,P,D,"oxy-2,2-dichloromethyl trimethylene",CC(CO)(CCl)CCl,ChemAxon,CC(CO)(CCl)CCl,"oxy-2,2-dichloromethyl trimethylene",CC(CO)(CCl)CCl,157.04000000000002,19.5013587875,3,0,20.23,1,1
203,AF_77,2.4314,P,D,vinyl isopropyl ether,CC(C)OC=C,PubChemPy,CC(C)OC=C,vinyl isopropyl ether,C=COC(C)C,86.134,14.34552749,2,0,9.23,0,1
204,AF_78,2.4669,T,D,n-butyl methacrylate,CCCCOC(=O)C(=C)C,PubChemPy,CCCCOC(=O)C(=C)C,n-butyl methacrylate,C=C(C)C(=O)OCCCC,142.19799999999998,14.2099379688,4,0,26.3,0,2
205,AF_79,2.4771,T,D,"3,3,3-trifluoropropylene",C=CC(F)(F)F,PubChemPy,C=CC(F)(F)F,"3,3,3-trifluoropropylene",C=CC(F)(F)F,96.051,16.003114126,0,0,0.0,0,0
206,AF_81,2.5224,T,D,3-cyclopentyl-1-propene,C=CCC1CCCC1,PubChemPy,C=CCC1CCCC1,3-cyclopentyl-1-propene,C=CCC1CCCC1,110.2,13.763693806,2,0,0.0,0,0
207,AF_83,2.5416,T,D,3-cyclohexyl-1-propene,C=CCC1CCCCC1,PubChemPy,C=CCC1CCCCC1,3-cyclohexyl-1-propene,C=CCC1CCCCC1,124.227,13.791688945777777,2,0,0.0,0,0
208,AF_84,2.5775,T,D,vinyl formal,[H]C1CC(C)OCO1,SpectraBase,[H]C1CC(C)OCO1,vinyl formal,CC1CCOCO1,102.133,14.581154222857142,0,0,18.46,0,2
209,BT_003,2.433,P,E,isopropyl acrylate,CC(C)OC(=O)C=C,PubChemPy,CC(C)OC(=O)C=C,isopropyl acrylate,C=CC(=O)OC(C)C,114.14399999999998,14.258509945,2,0,26.3,0,2
210,BT_069,2.6532,P,E,methyl chloroacrylate,COC(=O)C(=C)Cl,PubChemPy,COC(=O)C(=C)Cl,methyl chloroacrylate,C=C(Cl)C(=O)OC,120.53499999999998,17.14254386857143,1,0,26.3,0,2
211,BT_096,2.5185,T,E,"1H,1H-heptafluorobutyl methacrylate",CC(=C)C(=O)OCC(C(C(F)(F)F)(F)F)(F)F,PubChemPy,CC(=C)C(=O)OCC(C(C(F)(F)F)(F)F)(F)F,"1H,1H-heptafluorobutyl methacrylate",C=C(C)C(=O)OCC(F)(F)C(F)(F)C(F)(F)F,268.12799999999993,15.766672176705884,4,0,26.3,0,2
212,BT_238,2.5944,T,E,isobutyl methacrylate,CC(C)COC(=O)C(=C)C,PubChemPy,CC(C)COC(=O)C(=C)C,isobutyl methacrylate,C=C(C)C(=O)OCC(C)C,142.19799999999998,14.2099379688,3,0,26.3,0,2
213,BR_01,2.6096,T,F,EM1,"FC(F)(F)C(c1ccc(cc1)c1nnc(o1)c1ccc(cc1)N1
C2=CC=CCC2c2ccccc12)(c1ccc(cc1)c1nnc(o1
)c1ccc(cc1)n1c2ccccc2c2ccccc12)C(F)(F)F",Reference,FC(F)(F)C(c1ccc(cc1)c1nnc(o1)c1ccc(cc1)N1C2=CC=CCC2c2ccccc12)(c1ccc(cc1)c1nnc(o1)c1ccc(cc1)n1c2ccccc2c2ccccc12)C(F)(F)F,EM1,FC(F)(F)C(c1ccc(-c2nnc(-c3ccc(N4C5=CC=CCC5c5ccccc54)cc3)o2)cc1)(c1ccc(-c2nnc(-c3ccc(-n4c5ccccc5c5ccccc54)cc3)o2)cc1)C(F)(F)F,924.905,13.395141212289856,8,10,86.01,0,8
214,BR_02,2.5922,T,F,EM3,"c1ccc(N(c2ccccc2)c2ccc(c3nnc(c4cccc(c5nnc(
c6ccc(N(c7ccccc7)c7ccccc7)cc6)o5)c4)o3)cc2)
cc1",Reference,c1ccc(N(c2ccccc2)c2ccc(c3nnc(c4cccc(c5nnc(c6ccc(N(c7ccccc7)c7ccccc7)cc6)o5)c4)o3)cc2)cc1,EM3,c1ccc(N(c2ccccc2)c2ccc(-c3nnc(-c4cccc(-c5nnc(-c6ccc(N(c7ccccc7)c7ccccc7)cc6)o5)c4)o3)cc2)cc1,700.8020000000004,12.967753227111112,10,9,84.32000000000001,0,8
215,BR_03,2.5705,T,F,EM4,"c1ccc(N(c2ccccc2)c2ccc(c3nnc(c4ccccc4c4nnc
(c5ccc(N(c6ccccc6)c6ccccc6)cc5)o4)o3)cc2)cc
1",Reference,c1ccc(N(c2ccccc2)c2ccc(c3nnc(c4ccccc4c4nnc(c5ccc(N(c6ccccc6)c6ccccc6)cc5)o4)o3)cc2)cc1,EM4,c1ccc(N(c2ccccc2)c2ccc(-c3nnc(-c4ccccc4-c4nnc(-c5ccc(N(c6ccccc6)c6ccccc6)cc5)o4)o3)cc2)cc1,700.8020000000004,12.967753227111112,10,9,84.32000000000001,0,8
216,BR_04,2.6435,T,F,EM5,"c1ccc(N(c2ccccc2)c2ccc(c3nnc(c4cc(c5nnc(c6
ccc(N(c7ccccc7)c7ccccc7)cc6)o5)cc(c5nnc(c6c
cc(N(c7ccccc7)c7ccccc7)cc6)o5)c4)o3)cc2)cc1",Reference,c1ccc(N(c2ccccc2)c2ccc(c3nnc(c4cc(c5nnc(c6ccc(N(c7ccccc7)c7ccccc7)cc6)o5)cc(c5nnc(c6ccc(N(c7ccccc7)c7ccccc7)cc6)o5)c4)o3)cc2)cc1,EM5,c1ccc(N(c2ccccc2)c2ccc(-c3nnc(-c4cc(-c5nnc(-c6ccc(N(c7ccccc7)c7ccccc7)cc6)o5)cc(-c5nnc(-c6ccc(N(c7ccccc7)c7ccccc7)cc6)o5)c4)o3)cc2)cc1,1012.1460000000001,12.966212003846154,15,13,126.48,0,12
217,BR_05,2.5821,T,F,BMB-TB,"Cc1cc(C)c(B(c2ccc(c3cccc(c4ccc(B(c5c(C)cc(
C)cc5C)c5c(C)cc(C)cc5C)s4)c3)s2)c2c(C)cc(C
)cc2C)c(C)c1",Reference,Cc1cc(C)c(B(c2ccc(c3cccc(c4ccc(B(c5c(C)cc(C)cc5C)c5c(C)cc(C)cc5C)s4)c3)s2)c2c(C)cc(C)cc2C)c(C)c1,BMB-TB,Cc1cc(C)c(B(c2ccc(-c3cccc(-c4ccc(B(c5c(C)cc(C)cc5C)c5c(C)cc(C)cc5C)s4)c3)s2)c2c(C)cc(C)cc2C)c(C)c1,738.724,13.673512119703705,8,7,0.0,0,2
218,BR_06,2.5888,P,F,BMB-3T,"Cc1cc(C)c(B(c2ccc(s2)c2ccc(s2)c2ccc(s2)B(c2
c(C)cc(C)cc2C)c2c(C)cc(C)cc2C)c2c(C)cc(C)c
c2C)c(C)c1",Reference,Cc1cc(C)c(B(c2ccc(s2)c2ccc(s2)c2ccc(s2)B(c2c(C)cc(C)cc2C)c2c(C)cc(C)cc2C)c2c(C)cc(C)cc2C)c(C)c1,BMB-3T,Cc1cc(C)c(B(c2ccc(-c3ccc(-c4ccc(B(c5c(C)cc(C)cc5C)c5c(C)cc(C)cc5C)s4)s3)s2)c2c(C)cc(C)cc2C)c(C)c1,744.753,14.043888215094343,8,7,0.0,0,3
219,BR_07,2.5798,P,F,BMB-2T,"Cc1cc(C)c(B(c2ccc(s2)c2ccc(s2)B(c2c(C)cc(C
)cc2C)c2c(C)cc(C)cc2C)c2c(C)cc(C)cc2C)c(C)
c1",Reference,Cc1cc(C)c(B(c2ccc(s2)c2ccc(s2)B(c2c(C)cc(C)cc2C)c2c(C)cc(C)cc2C)c2c(C)cc(C)cc2C)c(C)c1,BMB-2T,Cc1cc(C)c(B(c2ccc(-c3ccc(B(c4c(C)cc(C)cc4C)c4c(C)cc(C)cc4C)s3)s2)c2c(C)cc(C)cc2C)c(C)c1,662.626,13.798715715333335,7,6,0.0,0,2
220,BR_08,2.5551,T,F,BMA-1T,"CC1=CC=C(CC1)N(c1ccc(C)cc1)c1ccc(cc1)c1
ccc(s1)c1ccc(cc1)N(c1ccc(C)cc1)c1ccc(C)cc1",Reference,CC1=CC=C(CC1)N(c1ccc(C)cc1)c1ccc(cc1)c1ccc(s1)c1ccc(cc1)N(c1ccc(C)cc1)c1ccc(C)cc1,BMA-1T,CC1=CC=C(N(c2ccc(C)cc2)c2ccc(-c3ccc(-c4ccc(N(c5ccc(C)cc5)c5ccc(C)cc5)cc4)s3)cc2)CC1,628.8850000000002,13.367898303829786,8,6,6.48,0,3
221,BR_09,2.5599,T,F,BMA-2T,"CC1=CC=C(CC1)N(c1ccc(C)cc1)c1ccc(cc1)c1
ccc(s1)c1ccc(s1)c1ccc(s1)c1ccc(cc1)N(c1ccc(
C)cc1)c1ccc(C)cc1",Reference,CC1=CC=C(CC1)N(c1ccc(C)cc1)c1ccc(cc1)c1ccc(s1)c1ccc(s1)c1ccc(s1)c1ccc(cc1)N(c1ccc(C)cc1)c1ccc(C)cc1,BMA-2T,CC1=CC=C(N(c2ccc(C)cc2)c2ccc(-c3ccc(-c4ccc(-c5ccc(-c6ccc(N(c7ccc(C)cc7)c7ccc(C)cc7)cc6)s5)s4)s3)cc2)CC1,793.1390000000001,13.899415129964913,10,8,6.48,0,5
222,BR_10,2.5832,T,F,2-TNATA,c1ccc(cc1)N(c1ccc(cc1)N(c1ccc(cc1)N(c1ccccc1)c1ccc2ccccc2c1)c1ccc(cc1)N(c1ccccc1)c1ccc2ccccc2c1)c1ccc2ccccc2c1,Reference,c1ccc(cc1)N(c1ccc(cc1)N(c1ccc(cc1)N(c1ccccc1)c1ccc2ccccc2c1)c1ccc(cc1)N(c1ccccc1)c1ccc2ccccc2c1)c1ccc2ccccc2c1,2-TNATA,c1ccc(N(c2ccc(N(c3ccc(N(c4ccccc4)c4ccc5ccccc5c4)cc3)c3ccc(N(c4ccccc4)c4ccc5ccccc5c4)cc3)cc2)c2ccc3ccccc3c2)cc1,897.1380000000001,12.80554139337143,12,12,12.96,0,4
223,BR_11,2.5866,P,F,1-TNATA,c1ccc(cc1)N(c1ccc(cc1)N(c1ccc(cc1)N(c1ccccc1)c1cccc2ccccc12)c1ccc(cc1)N(c1ccccc1)c1cccc2ccccc12)c1cccc2ccccc12,Reference,c1ccc(cc1)N(c1ccc(cc1)N(c1ccc(cc1)N(c1ccccc1)c1cccc2ccccc12)c1ccc(cc1)N(c1ccccc1)c1cccc2ccccc12)c1cccc2ccccc12,1-TNATA,c1ccc(N(c2ccc(N(c3ccc(N(c4ccccc4)c4cccc5ccccc45)cc3)c3ccc(N(c4ccccc4)c4cccc5ccccc45)cc3)cc2)c2cccc3ccccc23)cc1,897.1380000000001,12.80554139337143,12,12,12.96,0,4
224,BR_12,2.5599,P,F,(PHCZ,"c1ccc(cc1)n1c2ccccc2c2cc(ccc12)c1ccc2n(c3c
cccc3)c3ccccc3c2c1",Reference,c1ccc(cc1)n1c2ccccc2c2cc(ccc12)c1ccc2n(c3ccccc3)c3ccccc3c2c1,(PHCZ,c1ccc(-n2c3ccccc3c3cc(-c4ccc5c(c4)c4ccccc4n5-c4ccccc4)ccc32)cc1,484.60200000000015,12.741946020210525,3,8,9.86,0,2
225,BR_13,2.5353,T,F,(ETCZ,"CCn1c2ccccc2c2cc(ccc12)c1ccc2n(CC)c3cccc
c3c2c1",Reference,CCn1c2ccccc2c2cc(ccc12)c1ccc2n(CC)c3ccccc3c2c1,(ETCZ,CCn1c2ccccc2c2cc(-c3ccc4c(c3)c3ccccc3n4CC)ccc21,388.5140000000001,12.939798292266666,3,6,9.86,0,2
226,BR_14,2.5416,T,F,m-MTDATA,"Cc1cccc(c1)N(c1ccccc1)c1ccc(cc1)N(c1ccc(cc
1)N(c1ccccc1)c1cccc(C)c1)c1ccc(cc1)N(c1ccc
cc1)c1cccc(C)c1",Reference,Cc1cccc(c1)N(c1ccccc1)c1ccc(cc1)N(c1ccc(cc1)N(c1ccccc1)c1cccc(C)c1)c1ccc(cc1)N(c1ccccc1)c1cccc(C)c1,m-MTDATA,Cc1cccc(N(c2ccccc2)c2ccc(N(c3ccc(N(c4ccccc4)c4cccc(C)c4)cc3)c3ccc(N(c4ccccc4)c4cccc(C)c4)cc3)cc2)c1,789.0390000000001,12.924391762885245,12,9,12.96,0,4
227,BR_15,2.5611,P,F,m-PTDATA,"c1ccc(cc1)c1cccc(c1)N(c1ccccc1)c1ccc(cc1)N(
c1ccc(cc1)N(c1ccccc1)c1cccc(c1)c1ccccc1)c1c
cc(cc1)N(c1ccccc1)c1cccc(c1)c1ccccc1",Reference,c1ccc(cc1)c1cccc(c1)N(c1ccccc1)c1ccc(cc1)N(c1ccc(cc1)N(c1ccccc1)c1cccc(c1)c1ccccc1)c1ccc(cc1)N(c1ccccc1)c1cccc(c1)c1ccccc1,m-PTDATA,c1ccc(-c2cccc(N(c3ccccc3)c3ccc(N(c4ccc(N(c5ccccc5)c5cccc(-c6ccccc6)c5)cc4)c4ccc(N(c5ccccc5)c5cccc(-c6ccccc6)c5)cc4)cc3)c2)cc1,975.2520000000002,12.82151115431579,15,12,12.96,0,4
228,BR_16,2.549,T,F,m-BPD,"c1ccc(cc1)N(c1ccc(cc1)c1ccccc1)c1ccc(cc1)c1
ccc(cc1)N(c1ccccc1)c1cccc(c1)c1ccccc1",Reference,c1ccc(cc1)N(c1ccc(cc1)c1ccccc1)c1ccc(cc1)c1ccc(cc1)N(c1ccccc1)c1cccc(c1)c1ccccc1,m-BPD,c1ccc(-c2ccc(N(c3ccccc3)c3ccc(-c4ccc(N(c5ccccc5)c5cccc(-c6ccccc6)c5)cc4)cc3)cc2)cc1,640.8300000000003,12.805756983039998,9,8,6.48,0,2
229,BR_17,2.5478,T,F,m-TTA,"c1ccc(cc1)c1cc(ccc1)c1ccc(cc1)N(c1ccc(cc1)c
1cccc(c1)c1ccccc1)c1ccc(cc1)c1cccc(c1)c1ccc
cc1",Reference,c1ccc(cc1)c1cc(ccc1)c1ccc(cc1)N(c1ccc(cc1)c1cccc(c1)c1ccccc1)c1ccc(cc1)c1cccc(c1)c1ccccc1,m-TTA,c1ccc(-c2cccc(-c3ccc(N(c4ccc(-c5cccc(-c6ccccc6)c5)cc4)c4ccc(-c5cccc(-c6ccccc6)c5)cc4)cc3)c2)cc1,701.9130000000002,12.75105909541818,9,9,3.24,0,1
230,BR_18,2.5955,T,F,PAPA,"c1cnc(cc1)N(c1ccc(cc1)c1nc(nc(n1)c1ccc(cc1)
N(c1ccccn1)c1ncccc1)c1ccc(cc1)N(c1ccccn1)c
1ncccc1)c1ccccn1",Reference,c1cnc(cc1)N(c1ccc(cc1)c1nc(nc(n1)c1ccc(cc1)N(c1ccccn1)c1ncccc1)c1ccc(cc1)N(c1ccccn1)c1ncccc1)c1ccccn1,PAPA,c1ccc(N(c2ccc(-c3nc(-c4ccc(N(c5ccccn5)c5ccccn5)cc4)nc(-c4ccc(N(c5ccccn5)c5ccccn5)cc4)n3)cc2)c2ccccn2)nc1,816.933,12.957437923047618,12,10,125.73000000000002,0,12
231,BR_19,2.6053,T,F,TPTE,"Cc1ccc(cc1)N(c1ccc(cc1)c1ccc(cc1)N(c1ccccc
1)c1ccc(cc1)c1ccc(cc1)N(c1ccccc1)c1ccc(cc1)
c1ccc(cc1)N(c1ccc(C)cc1)c1cccc(C)c1)c1cc(C
)ccc1",Reference,Cc1ccc(cc1)N(c1ccc(cc1)c1ccc(cc1)N(c1ccccc1)c1ccc(cc1)c1ccc(cc1)N(c1ccccc1)c1ccc(cc1)c1ccc(cc1)N(c1ccc(C)cc1)c1cccc(C)c1)c1cc(C)ccc1,TPTE,Cc1ccc(N(c2ccc(-c3ccc(N(c4ccccc4)c4ccc(-c5ccc(N(c6ccccc6)c6ccc(-c7ccc(N(c8ccc(C)cc8)c8cccc(C)c8)cc7)cc6)cc5)cc4)cc3)cc2)c2cccc(C)c2)cc1,1031.3600000000001,12.8812180998,15,12,12.96,0,4
232,BR_20,2.5145,T,F,p-FTDAB,"Fc1ccc(cc1)N(c1ccccc1)c1cc(cc(c1)N(c1ccccc
1)c1ccc(F)cc1)N(c1ccccc1)c1ccc(F)cc1",Reference,Fc1ccc(cc1)N(c1ccccc1)c1cc(cc(c1)N(c1ccccc1)c1ccc(F)cc1)N(c1ccccc1)c1ccc(F)cc1,p-FTDAB,Fc1ccc(N(c2ccccc2)c2cc(N(c3ccccc3)c3ccc(F)cc3)cc(N(c3ccccc3)c3ccc(F)cc3)c2)cc1,633.7170000000003,13.192482971250001,9,7,9.72,0,3
233,BR_21,2.5276,T,F,p-CLTDAB,"Clc1ccc(cc1)N(c1ccccc1)c1cc(cc(c1)N(c1cccc
c1)c1ccc(Cl)cc1)N(c1ccccc1)c1ccc(Cl)cc1",Reference,Clc1ccc(cc1)N(c1ccccc1)c1cc(cc(c1)N(c1ccccc1)c1ccc(Cl)cc1)N(c1ccccc1)c1ccc(Cl)cc1,p-CLTDAB,Clc1ccc(N(c2ccccc2)c2cc(N(c3ccccc3)c3ccc(Cl)cc3)cc(N(c3ccccc3)c3ccc(Cl)cc3)c2)cc1,683.0820000000002,14.190636062500003,9,7,9.72,0,3
234,BR_22,2.5378,T,F,p-BrTDAB,"Brc1ccc(cc1)N(c1ccccc1)c1cc(cc(c1)N(c1cccc
c1)c1ccc(Br)cc1)N(c1ccccc1)c1ccc(Br)cc1",Reference,Brc1ccc(cc1)N(c1ccccc1)c1cc(cc(c1)N(c1ccccc1)c1ccc(Br)cc1)N(c1ccccc1)c1ccc(Br)cc1,p-BrTDAB,Brc1ccc(N(c2ccccc2)c2cc(N(c3ccccc3)c3ccc(Br)cc3)cc(N(c3ccccc3)c3ccc(Br)cc3)c2)cc1,816.4350000000001,16.93747883875,9,7,9.72,0,3
235,BR_23,2.6263,T,F,TCTA,"c1ccc2c(c1)n(c1ccc(cc1)N(c1ccc(cc1)n1c3cccc
c3c3ccccc13)c1ccc(cc1)n1c3ccccc3c3ccccc13)
c1ccccc21",Reference,c1ccc2c(c1)n(c1ccc(cc1)N(c1ccc(cc1)n1c3ccccc3c3ccccc13)c1ccc(cc1)n1c3ccccc3c3ccccc13)c1ccccc21,TCTA,c1ccc2c(c1)c1ccccc1n2-c1ccc(N(c2ccc(-n3c4ccccc4c4ccccc43)cc2)c2ccc(-n3c4ccccc4c4ccccc43)cc2)cc1,740.9100000000001,12.763689606068965,6,12,18.03,0,4
236,BR_24,2.6484,T,F,TCPB,"c1ccc2c(c1)n(c1ccc(cc1)c1cc(cc(c1)c1ccc(cc1)
n1c3ccccc3c3ccccc13)c1ccc(cc1)n1c3ccccc3c3
ccccc13)c1ccccc21",Reference,c1ccc2c(c1)n(c1ccc(cc1)c1cc(cc(c1)c1ccc(cc1)n1c3ccccc3c3ccccc13)c1ccc(cc1)n1c3ccccc3c3ccccc13)c1ccccc21,TCPB,c1ccc2c(c1)c1ccccc1n2-c1ccc(-c2cc(-c3ccc(-n4c5ccccc5c5ccccc54)cc3)cc(-c3ccc(-n4c5ccccc5c5ccccc54)cc3)c2)cc1,801.993,12.719276162666665,6,13,14.79,0,3
237,BR_25,2.6075,T,F,p-TTA,c1ccc(cc1)c1ccc(cc1)c1ccc(cc1)N(c1ccc(cc1)c1ccc(cc1)c1ccccc1)c1ccc(cc1)c1ccc(cc1)c1ccccc1,Reference,c1ccc(cc1)c1ccc(cc1)c1ccc(cc1)N(c1ccc(cc1)c1ccc(cc1)c1ccccc1)c1ccc(cc1)c1ccc(cc1)c1ccccc1,p-TTA,c1ccc(-c2ccc(-c3ccc(N(c4ccc(-c5ccc(-c6ccccc6)cc5)cc4)c4ccc(-c5ccc(-c6ccccc6)cc5)cc4)cc3)cc2)cc1,701.9130000000004,12.75105909541818,9,9,3.24,0,1
238,BR_26,2.601,T,F,TCB,c1ccc2c(c1)n(c1cc(cc(c1)n1c3ccccc3c3ccccc13)n1c3ccccc3c3ccccc13)c1ccccc21,Reference,c1ccc2c(c1)n(c1cc(cc(c1)n1c3ccccc3c3ccccc13)n1c3ccccc3c3ccccc13)c1ccccc21,TCB,c1ccc2c(c1)c1ccccc1n2-c1cc(-n2c3ccccc3c3ccccc32)cc(-n2c3ccccc3c3ccccc32)c1,573.6990000000002,12.738233285866666,3,10,14.79,0,3
239,BR_27,2.5575,T,F,TBB,"c1ccc(cc1)c1ccc(cc1)c1cc(cc(c1)c1ccc(cc1)c1c
cccc1)c1ccc(cc1)c1ccccc1",Reference,c1ccc(cc1)c1ccc(cc1)c1cc(cc(c1)c1ccc(cc1)c1ccccc1)c1ccc(cc1)c1ccccc1,TBB,c1ccc(-c2ccc(-c3cc(-c4ccc(-c5ccccc5)cc4)cc(-c4ccc(-c5ccccc5)cc4)c3)cc2)cc1,534.7020000000002,12.719875022857144,6,7,0.0,0,0
240,BR_28,2.5289,T,F,TPD,"Cc1cccc(c1)N(c1ccccc1)c1ccc(cc1)c1ccc(cc1)
N(c1ccccc1)c1cccc(C)c1",Reference,Cc1cccc(c1)N(c1ccccc1)c1ccc(cc1)c1ccc(cc1)N(c1ccccc1)c1cccc(C)c1,TPD,Cc1cccc(N(c2ccccc2)c2ccc(-c3ccc(N(c4ccccc4)c4cccc(C)c4)cc3)cc2)c1,516.6880000000002,12.9064137256,7,6,6.48,0,2
241,BR_29,2.4928,T,F,TPTAB1,"c1ccc(N(c2cc(N(c3ccccc3)c3cccs3)cc(N(c3ccc
cc3)c3cccs3)c2)c2cccs2)cc1",Reference,c1ccc(N(c2cc(N(c3ccccc3)c3cccs3)cc(N(c3ccccc3)c3cccs3)c2)c2cccs2)cc1,TPTAB1,c1ccc(N(c2cc(N(c3ccccc3)c3cccs3)cc(N(c3ccccc3)c3cccs3)c2)c2cccs2)cc1,597.8340000000003,14.217540734857142,9,7,9.72,0,6
242,BR_30,2.5038,P,F,TPTAB2,"c1cc(cs1)N(c1ccccc1)c1cc(cc(c1)N(c1ccsc1)c1
ccccc1)N(c1ccsc1)c1ccccc1",Reference,c1cc(cs1)N(c1ccccc1)c1cc(cc(c1)N(c1ccsc1)c1ccccc1)N(c1ccsc1)c1ccccc1,TPTAB2,c1ccc(N(c2ccsc2)c2cc(N(c3ccccc3)c3ccsc3)cc(N(c3ccccc3)c3ccsc3)c2)cc1,597.8340000000002,14.217540734857142,9,7,9.72,0,6
243,BR_31,2.5966,T,F,EM2,"c1ccc(cc1)N(c1ccccc1)c1ccc(cc1)c1nnc(o1)c1c
cc(cc1)c1nnc(o1)c1ccc(cc1)N(c1ccccc1)c1cccc
c1",Reference,c1ccc(cc1)N(c1ccccc1)c1ccc(cc1)c1nnc(o1)c1ccc(cc1)c1nnc(o1)c1ccc(cc1)N(c1ccccc1)c1ccccc1,EM2,c1ccc(N(c2ccccc2)c2ccc(-c3nnc(-c4ccc(-c5nnc(-c6ccc(N(c7ccccc7)c7ccccc7)cc6)o5)cc4)o3)cc2)cc1,700.8020000000004,12.967753227111112,10,9,84.32000000000001,0,8
244,BR_32,2.5611,T,F,BNpA-1T,"s1c(ccc1c1ccc(cc1)N(c1ccccc1)c1ccc2ccccc2c
1)c1ccc(cc1)N(c1ccccc1)c1ccc2ccccc2c1",Reference,s1c(ccc1c1ccc(cc1)N(c1ccccc1)c1ccc2ccccc2c1)c1ccc(cc1)N(c1ccccc1)c1ccc2ccccc2c1,BNpA-1T,c1ccc(N(c2ccc(-c3ccc(-c4ccc(N(c5ccccc5)c5ccc6ccccc6c5)cc4)s3)cc2)c2ccc3ccccc3c2)cc1,670.8810000000001,13.142044511529411,8,9,6.48,0,3
245,BR_33,2.5694,T,F,BMA-4T,"Cc1ccc(cc1)N(c1ccc(C)cc1)c1ccc(cc1)c1ccc(s
1)c1ccc(s1)c1ccc(s1)c1ccc(s1)c1ccc(cc1)N(c1c
cc(C)cc1)c1ccc(C)cc1",Reference,Cc1ccc(cc1)N(c1ccc(C)cc1)c1ccc(cc1)c1ccc(s1)c1ccc(s1)c1ccc(s1)c1ccc(s1)c1ccc(cc1)N(c1ccc(C)cc1)c1ccc(C)cc1,BMA-4T,Cc1ccc(N(c2ccc(C)cc2)c2ccc(-c3ccc(-c4ccc(-c5ccc(-c6ccc(-c7ccc(N(c8ccc(C)cc8)c8ccc(C)cc8)cc7)s6)s5)s4)s3)cc2)cc1,873.2500000000002,14.068366667870968,11,10,6.48,0,6
246,BR_34,2.5478,T,F,AODF1,"CCCCC(CC)CC1(C(CC)CCCC)c2cc(ccc2c2cc
c(cc12)c1nnc(o1)c1ccc(cc1)N(C)C)c1nnc(o1)c
1ccc(cc1)N(C)C",Reference,CCCCC(CC)CC1(C(CC)CCCC)c2cc(ccc2c2ccc(cc12)c1nnc(o1)c1ccc(cc1)N(C)C)c1nnc(o1)c1ccc(cc1)N(C)C,AODF1,CCCCC(CC)CC1(C(CC)CCCC)c2cc(-c3nnc(-c4ccc(N(C)C)cc4)o3)ccc2-c2ccc(-c3nnc(-c4ccc(N(C)C)cc4)o3)cc21,751.0319999999999,13.401109376714286,17,6,84.32,0,8
247,BR_35,2.5478,P,F,AODF2,"CCCCCCCCCC1(CCCCCCCC)c2cc(ccc2c2cc
c(cc12)c1nnc(o1)c1ccc(cc1)N(C)C)c1nnc(o1)c
1ccc(cc1)N(C)C",Reference,CCCCCCCCCC1(CCCCCCCC)c2cc(ccc2c2ccc(cc12)c1nnc(o1)c1ccc(cc1)N(C)C)c1nnc(o1)c1ccc(cc1)N(C)C,AODF2,CCCCCCCCCC1(CCCCCCCC)c2cc(-c3nnc(-c4ccc(N(C)C)cc4)o3)ccc2-c2ccc(-c3nnc(-c4ccc(N(C)C)cc4)o3)cc21,779.0859999999998,13.422300434896552,21,6,84.32,0,8
248,BR_36,2.5944,P,F,ENPCA,"Cn1c2ccc(cc2c2cc(ccc12)N(c1ccccc1)c1cccc2
ccccc12)N(c1ccccc1)c1cccc2ccccc12",Reference,Cn1c2ccc(cc2c2cc(ccc12)N(c1ccccc1)c1cccc2ccccc12)N(c1ccccc1)c1cccc2ccccc12,ENPCA,Cn1c2ccc(N(c3ccccc3)c3cccc4ccccc34)cc2c2cc(N(c3ccccc3)c3cccc4ccccc34)ccc21,615.7800000000002,12.818071834500001,6,9,11.41,0,3
249,BR_37,2.6503,T,F,EPPCA,"Cn1c2ccc(cc2c2cc(ccc12)N(c1ccccc1)c1ccc2c
cc3cccc4ccc1c2c34)N(c1ccccc1)c1ccc2ccc3cc
cc4ccc1c2c34",Reference,Cn1c2ccc(cc2c2cc(ccc12)N(c1ccccc1)c1ccc2ccc3cccc4ccc1c2c34)N(c1ccccc1)c1ccc2ccc3cccc4ccc1c2c34,EPPCA,Cn1c2ccc(N(c3ccccc3)c3ccc4ccc5cccc6ccc3c4c56)cc2c2cc(N(c3ccccc3)c3ccc4ccc5cccc6ccc3c4c56)ccc21,763.9440000000001,12.721645803066668,6,13,11.41,0,3
250,BR_38,2.6609,P,F,EFPPCA,"CC1(C)c2ccccc2c2ccc(cc12)n1c2ccc(cc2c2cc(
ccc12)N(c1ccccc1)c1ccc2ccc3cccc4ccc1c2c34)
N(c1ccccc1)c1ccc2ccc3cccc4ccc1c2c34",Reference,CC1(C)c2ccccc2c2ccc(cc12)n1c2ccc(cc2c2cc(ccc12)N(c1ccccc1)c1ccc2ccc3cccc4ccc1c2c34)N(c1ccccc1)c1ccc2ccc3cccc4ccc1c2c34,EFPPCA,CC1(C)c2ccccc2-c2ccc(-n3c4ccc(N(c5ccccc5)c5ccc6ccc7cccc8ccc5c6c78)cc4c4cc(N(c5ccccc5)c5ccc6ccc7cccc8ccc5c6c78)ccc43)cc21,942.1779999999998,12.721310790594593,7,15,11.41,0,3
251,BR_39,2.5977,T,F,NPCA,"c1ccc(cc1)N(c1ccc2n(c3ccccc3)c3ccc(cc3c2c1
)N(c1ccccc1)c1cccc2ccccc12)c1cccc2ccccc12",Reference,c1ccc(cc1)N(c1ccc2n(c3ccccc3)c3ccc(cc3c2c1)N(c1ccccc1)c1cccc2ccccc12)c1cccc2ccccc12,NPCA,c1ccc(N(c2ccc3c(c2)c2cc(N(c4ccccc4)c4cccc5ccccc45)ccc2n3-c2ccccc2)c2cccc3ccccc23)cc1,677.8510000000002,12.778926379622641,7,10,11.41,0,3
252,BR_40,2.6693,T,F,PPACBN,"N#Cc1ccc(cc1)n1c2ccc(cc2c2cc(ccc12)N(c1cc
ccc1)c1ccc2ccc3cccc4ccc1c2c34)N(c1ccccc1)c
1ccc2ccc3cccc4ccc1c2c34",Reference,N#Cc1ccc(cc1)n1c2ccc(cc2c2cc(ccc12)N(c1ccccc1)c1ccc2ccc3cccc4ccc1c2c34)N(c1ccccc1)c1ccc2ccc3cccc4ccc1c2c34,PPACBN,N#Cc1ccc(-n2c3ccc(N(c4ccccc4)c4ccc5ccc6cccc7ccc4c5c67)cc3c3cc(N(c4ccccc4)c4ccc5ccc6cccc7ccc4c5c67)ccc32)cc1,851.0250000000001,12.691188764417912,7,14,35.2,0,4
253,BR_41,2.6075,T,F,EFPCA,CC1(C)c2ccccc2c2ccc(cc12)N(c1ccccc1)c1cc2c(cc1)n(c1ccc(cc21)N(c1ccccc1)c1cc2c(cc1)c1c(cccc1)C2(C)C)c1ccccc1,Reference,CC1(C)c2ccccc2c2ccc(cc12)N(c1ccccc1)c1cc2c(cc1)n(c1ccc(cc21)N(c1ccccc1)c1cc2c(cc1)c1c(cccc1)C2(C)C)c1ccccc1,EFPCA,CC1(C)c2ccccc2-c2ccc(N(c3ccccc3)c3ccc4c(c3)c3cc(N(c5ccccc5)c5ccc6c(c5)C(C)(C)c5ccccc5-6)ccc3n4-c3ccccc3)cc21,810.0569999999999,12.847253944507933,7,10,11.41,0,3
254,BR_42,2.6503,T,F,ENPPCA,Cn1c2ccc(cc2c2cc(ccc12)N(c1ccccc1)c1ccc2ccc3cccc4ccc1c2c34)N(c1ccccc1)c1cccc2ccccc12,Reference,Cn1c2ccc(cc2c2cc(ccc12)N(c1ccccc1)c1ccc2ccc3cccc4ccc1c2c34)N(c1ccccc1)c1cccc2ccccc12,ENPPCA,Cn1c2ccc(N(c3ccccc3)c3cccc4ccccc34)cc2c2cc(N(c3ccccc3)c3ccc4ccc5cccc6ccc3c4c56)ccc21,689.8620000000001,12.764501817037036,6,11,11.41,0,3
255,BR_43,2.5988,T,F,F1AMB-1T,"Cc1cc(C)c(B(c2ccc(s2)c2ccc(cc2)N(c2ccc3c(c
2)c2ccccc2C3(C)C)c2ccc3c4ccccc4C(C)(C)c3c
2)c2c(C)cc(C)cc2C)c(C)c1",Reference,Cc1cc(C)c(B(c2ccc(s2)c2ccc(cc2)N(c2ccc3c(c2)c2ccccc2C3(C)C)c2ccc3c4ccccc4C(C)(C)c3c2)c2c(C)cc(C)cc2C)c(C)c1,F1AMB-1T,Cc1cc(C)c(B(c2ccc(-c3ccc(N(c4ccc5c(c4)-c4ccccc4C5(C)C)c4ccc5c(c4)C(C)(C)c4ccccc4-5)cc3)s2)c2c(C)cc(C)cc2C)c(C)c1,807.956,13.2361803627541,7,8,3.24,0,2
256,BR_44,2.659,T,F,MPPPCA,"COc1ccc(cc1)N(c1cc2c(cc1)n(c1ccc(cc21)N(c
1ccc(OC)cc1)c1ccc2ccc3c4c(ccc1c24)ccc3)c1c
cccc1)c1ccc2ccc3c4c(ccc1c24)ccc3",Reference,COc1ccc(cc1)N(c1cc2c(cc1)n(c1ccc(cc21)N(c1ccc(OC)cc1)c1ccc2ccc3c4c(ccc1c24)ccc3)c1ccccc1)c1ccc2ccc3c4c(ccc1c24)ccc3,MPPPCA,COc1ccc(N(c2ccc3c(c2)c2cc(N(c4ccc(OC)cc4)c4ccc5ccc6cccc7ccc4c5c67)ccc2n3-c2ccccc2)c2ccc3ccc4cccc5ccc2c3c45)cc1,886.067,12.830949675594201,9,14,29.87,0,5
257,BR_45,2.6561,T,F,PPCA,"c1ccc(cc1)N(c1ccc2n(c3ccccc3)c3ccc(cc3c2c1
)N(c1ccccc1)c1ccc2ccc3cccc4ccc1c2c34)c1ccc
2ccc3cccc4ccc1c2c34",Reference,c1ccc(cc1)N(c1ccc2n(c3ccccc3)c3ccc(cc3c2c1)N(c1ccccc1)c1ccc2ccc3cccc4ccc1c2c34)c1ccc2ccc3cccc4ccc1c2c34,PPCA,c1ccc(N(c2ccc3c(c2)c2cc(N(c4ccccc4)c4ccc5ccc6cccc7ccc4c5c67)ccc2n3-c2ccccc2)c2ccc3ccc4cccc5ccc2c3c45)cc1,826.0150000000001,12.697144588430769,7,14,11.41,0,3
258,BR_46,2.6599,T,F,PPPCA,"Cc1ccc(cc1)N(c1ccc2n(c3ccccc3)c3ccc(cc3c2c
1)N(c1ccc(C)cc1)c1ccc2ccc3cccc4ccc1c2c34)c
1ccc2ccc3cccc4ccc1c2c34",Reference,Cc1ccc(cc1)N(c1ccc2n(c3ccccc3)c3ccc(cc3c2c1)N(c1ccc(C)cc1)c1ccc2ccc3cccc4ccc1c2c34)c1ccc2ccc3cccc4ccc1c2c34,PPPCA,Cc1ccc(N(c2ccc3c(c2)c2cc(N(c4ccc(C)cc4)c4ccc5ccc6cccc7ccc4c5c67)ccc2n3-c2ccccc2)c2ccc3ccc4cccc5ccc2c3c45)cc1,854.0690000000001,12.736502960835821,7,14,11.41,0,3
259,BR_47,2.6191,P,F,PATB4e,"CCN1Cc2ccccc2c2cc(ccc12)c1ccc(s1)c1cc(cc(
c1)c1ccc(s1)c1ccc2N(C)Cc3ccccc3c2c1)c1ccc(
s1)c1ccc2N(C)Cc3ccccc3c2c1",Reference,CCN1Cc2ccccc2c2cc(ccc12)c1ccc(s1)c1cc(cc(c1)c1ccc(s1)c1ccc2N(C)Cc3ccccc3c2c1)c1ccc(s1)c1ccc2N(C)Cc3ccccc3c2c1,PATB4e,CCN1Cc2ccccc2-c2cc(-c3ccc(-c4cc(-c5ccc(-c6ccc7c(c6)-c6ccccc6CN7C)s5)cc(-c5ccc(-c6ccc7c(c6)-c6ccccc6CN7C)s5)c4)s3)ccc21,918.2689999999999,13.69094345528358,7,10,9.72,0,6
260,BR_48,2.5798,T,F,p-DPA-TDAB,"c1ccc(cc1)N(c1ccccc1)c1ccc(cc1)N(c1ccccc1)
c1cc(cc(c1)N(c1ccccc1)c1ccc(cc1)N(c1ccccc1)
c1ccccc1)N(c1ccccc1)c1ccc(cc1)N(c1ccccc1)c
1ccccc1",Reference,c1ccc(cc1)N(c1ccccc1)c1ccc(cc1)N(c1ccccc1)c1cc(cc(c1)N(c1ccccc1)c1ccc(cc1)N(c1ccccc1)c1ccccc1)N(c1ccccc1)c1ccc(cc1)N(c1ccccc1)c1ccccc1,p-DPA-TDAB,c1ccc(N(c2ccccc2)c2ccc(N(c3ccccc3)c3cc(N(c4ccccc4)c4ccc(N(c5ccccc5)c5ccccc5)cc4)cc(N(c4ccccc4)c4ccc(N(c5ccccc5)c5ccccc5)cc4)c3)cc2)cc1,1081.38,12.86295173714286,18,13,19.440000000000005,0,6
261,BR_49,2.5658,P,F,NPB,"c1ccc(cc1)N(c1ccc(cc1)c1ccc(cc1)N(c1ccccc1)
c1cccc2ccccc12)c1cccc2ccccc12",Reference,c1ccc(cc1)N(c1ccc(cc1)c1ccc(cc1)N(c1ccccc1)c1cccc2ccccc12)c1cccc2ccccc12,NPB,c1ccc(N(c2ccc(-c3ccc(N(c4ccccc4)c4cccc5ccccc45)cc3)cc2)c2cccc3ccccc23)cc1,588.7540000000002,12.788185848347824,7,8,6.48,0,2
262,BR_50,2.4983,T,F,m-MTDATz,"Cc1cccc(c1)N(c1ccccc1)c1nc(nc(n1)N(c1ccccc
1)c1cccc(C)c1)N(c1ccccc1)c1cccc(C)c1",Reference,Cc1cccc(c1)N(c1ccccc1)c1nc(nc(n1)N(c1ccccc1)c1cccc(C)c1)N(c1ccccc1)c1cccc(C)c1,m-MTDATz,Cc1cccc(N(c2ccccc2)c2nc(N(c3ccccc3)c3cccc(C)c3)nc(N(c3ccccc3)c3cccc(C)c3)n2)c1,624.7920000000001,13.006253024000001,9,7,48.39000000000001,0,6
263,BR_51,2.5159,T,F,o-MTDATz,"Cc1ccccc1N(c1ccccc1)c1nc(nc(n1)N(c1ccccc1
)c1ccccc1C)N(c1ccccc1)c1ccccc1C",Reference,Cc1ccccc1N(c1ccccc1)c1nc(nc(n1)N(c1ccccc1)c1ccccc1C)N(c1ccccc1)c1ccccc1C,o-MTDATz,Cc1ccccc1N(c1ccccc1)c1nc(N(c2ccccc2)c2ccccc2C)nc(N(c2ccccc2)c2ccccc2C)n1,624.7920000000001,13.006253024000001,9,7,48.39000000000001,0,6
264,BR_52,2.5051,T,F,m-MTDAB,"Cc1cccc(c1)N(c1ccccc1)c1cc(cc(c1)N(c1ccccc
1)c1cccc(C)c1)N(c1ccccc1)c1cccc(C)c1",Reference,Cc1cccc(c1)N(c1ccccc1)c1cc(cc(c1)N(c1ccccc1)c1cccc(C)c1)N(c1ccccc1)c1cccc(C)c1,m-MTDAB,Cc1cccc(N(c2ccccc2)c2cc(N(c3ccccc3)c3cccc(C)c3)cc(N(c3ccccc3)c3cccc(C)c3)c2)c1,621.8280000000002,12.9440499635,9,7,9.72,0,3
265,BR_53,2.4983,T,F,o-MTDAB,"Cc1ccccc1N(c1ccccc1)c1cc(cc(c1)N(c1ccccc1)
c1ccccc1C)N(c1ccccc1)c1ccccc1C",Reference,Cc1ccccc1N(c1ccccc1)c1cc(cc(c1)N(c1ccccc1)c1ccccc1C)N(c1ccccc1)c1ccccc1C,o-MTDAB,Cc1ccccc1N(c1ccccc1)c1cc(N(c2ccccc2)c2ccccc2C)cc(N(c2ccccc2)c2ccccc2C)c1,621.8280000000002,12.9440499635,9,7,9.72,0,3
266,BR_54,2.5159,T,F,p-MTDAB,"Cc1ccc(cc1)N(c1ccccc1)c1cc(cc(c1)N(c1ccccc
1)c1ccc(C)cc1)N(c1ccccc1)c1ccc(C)cc1",Reference,Cc1ccc(cc1)N(c1ccccc1)c1cc(cc(c1)N(c1ccccc1)c1ccc(C)cc1)N(c1ccccc1)c1ccc(C)cc1,p-MTDAB,Cc1ccc(N(c2ccccc2)c2cc(N(c3ccccc3)c3ccc(C)cc3)cc(N(c3ccccc3)c3ccc(C)cc3)c2)cc1,621.8280000000002,12.9440499635,9,7,9.72,0,3
267,BR_55,2.5527,T,F,PhAMB-1T,"Cc1ccc(cc1)N(c1ccc(C)cc1)c1ccc(cc1)c1ccc(s
1)B(c1c(C)cc(C)cc1C)c1c(C)cc(C)cc1C",Reference,Cc1ccc(cc1)N(c1ccc(C)cc1)c1ccc(cc1)c1ccc(s1)B(c1c(C)cc(C)cc1C)c1c(C)cc(C)cc1C,PhAMB-1T,Cc1ccc(N(c2ccc(C)cc2)c2ccc(-c3ccc(B(c4c(C)cc(C)cc4C)c4c(C)cc(C)cc4C)s3)cc2)cc1,603.6840000000004,13.406957816533334,7,6,3.24,0,2
268,BR_56,2.5428,P,F,o-MTDATA,Cc1ccccc1N(c1ccccc1)c1ccc(cc1)N(c1ccc(cc1)N(c1ccccc1)c1ccccc1C)c1ccc(cc1)N(c1ccccc1)c1ccccc1C,Reference,Cc1ccccc1N(c1ccccc1)c1ccc(cc1)N(c1ccc(cc1)N(c1ccccc1)c1ccccc1C)c1ccc(cc1)N(c1ccccc1)c1ccccc1C,o-MTDATA,Cc1ccccc1N(c1ccccc1)c1ccc(N(c2ccc(N(c3ccccc3)c3ccccc3C)cc2)c2ccc(N(c3ccccc3)c3ccccc3C)cc2)cc1,789.0390000000001,12.924391762885245,12,9,12.96,0,4
269,BR_57,2.5478,T,F,p-MTDATA,Cc1ccc(cc1)N(c1ccccc1)c1ccc(cc1)N(c1ccc(cc1)N(c1ccccc1)c1ccc(C)cc1)c1ccc(cc1)N(c1ccccc1)c1ccc(C)cc1,Reference,Cc1ccc(cc1)N(c1ccccc1)c1ccc(cc1)N(c1ccc(cc1)N(c1ccccc1)c1ccc(C)cc1)c1ccc(cc1)N(c1ccccc1)c1ccc(C)cc1,p-MTDATA,Cc1ccc(N(c2ccccc2)c2ccc(N(c3ccc(N(c4ccccc4)c4ccc(C)cc4)cc3)c3ccc(N(c4ccccc4)c4ccc(C)cc4)cc3)cc2)cc1,789.0390000000001,12.924391762885245,12,9,12.96,0,4
270,BR_58,2.5587,T,F,TDATA,"c1ccc(cc1)N(c1ccccc1)c1ccc(cc1)N(c1ccc(cc1)
N(c1ccccc1)c1ccccc1)c1ccc(cc1)N(c1ccccc1)c
1ccccc1",Reference,c1ccc(cc1)N(c1ccccc1)c1ccc(cc1)N(c1ccc(cc1)N(c1ccccc1)c1ccccc1)c1ccc(cc1)N(c1ccccc1)c1ccccc1,TDATA,c1ccc(N(c2ccccc2)c2ccc(N(c3ccc(N(c4ccccc4)c4ccccc4)cc3)c3ccc(N(c4ccccc4)c4ccccc4)cc3)cc2)cc1,746.9580000000002,12.867947368000003,12,9,12.96,0,4
271,BR_59,2.5775,P,F,m-MTDAPB,"Cc1cccc(c1)N(c1ccccc1)c1ccc(cc1)c1cc(cc(c1)
c1ccc(cc1)N(c1ccccc1)c1cccc(C)c1)c1ccc(cc1)
N(c1ccccc1)c1cccc(C)c1",Reference,Cc1cccc(c1)N(c1ccccc1)c1ccc(cc1)c1cc(cc(c1)c1ccc(cc1)N(c1ccccc1)c1cccc(C)c1)c1ccc(cc1)N(c1ccccc1)c1cccc(C)c1,m-MTDAPB,Cc1cccc(N(c2ccccc2)c2ccc(-c3cc(-c4ccc(N(c5ccccc5)c5cccc(C)c5)cc4)cc(-c4ccc(N(c5ccccc5)c5cccc(C)c5)cc4)c3)cc2)c1,850.1220000000001,12.869822706545452,12,10,9.72,0,3
272,BR_60,2.5821,P,F,o-MTDAPB,"Cc1ccccc1N(c1ccccc1)c1ccc(cc1)c1cc(cc(c1)c
1ccc(cc1)N(c1ccccc1)c1ccccc1C)c1ccc(cc1)N(
c1ccccc1)c1ccccc1C",Reference,Cc1ccccc1N(c1ccccc1)c1ccc(cc1)c1cc(cc(c1)c1ccc(cc1)N(c1ccccc1)c1ccccc1C)c1ccc(cc1)N(c1ccccc1)c1ccccc1C,o-MTDAPB,Cc1ccccc1N(c1ccccc1)c1ccc(-c2cc(-c3ccc(N(c4ccccc4)c4ccccc4C)cc3)cc(-c3ccc(N(c4ccccc4)c4ccccc4C)cc3)c2)cc1,850.1220000000001,12.869822706545452,12,10,9.72,0,3
273,BR_61,2.5832,T,F,p-MTDAPB,"Cc1ccc(cc1)N(c1ccccc1)c1ccc(cc1)c1cc(cc(c1)
c1ccc(cc1)N(c1ccccc1)c1ccc(C)cc1)c1ccc(cc1)
N(c1ccccc1)c1ccc(C)cc1",Reference,Cc1ccc(cc1)N(c1ccccc1)c1ccc(cc1)c1cc(cc(c1)c1ccc(cc1)N(c1ccccc1)c1ccc(C)cc1)c1ccc(cc1)N(c1ccccc1)c1ccc(C)cc1,p-MTDAPB,Cc1ccc(N(c2ccccc2)c2ccc(-c3cc(-c4ccc(N(c5ccccc5)c5ccc(C)cc5)cc4)cc(-c4ccc(N(c5ccccc5)c5ccc(C)cc5)cc4)c3)cc2)cc1,850.1220000000001,12.869822706545452,12,10,9.72,0,3
274,BR_62,2.5955,P,F,TDAPB,"c1ccc(cc1)N(c1ccccc1)c1ccc(cc1)c1cc(cc(c1)c
1ccc(cc1)N(c1ccccc1)c1ccccc1)c1ccc(cc1)N(c
1ccccc1)c1ccccc1",Reference,c1ccc(cc1)N(c1ccccc1)c1ccc(cc1)c1cc(cc(c1)c1ccc(cc1)N(c1ccccc1)c1ccccc1)c1ccc(cc1)N(c1ccccc1)c1ccccc1,TDAPB,c1ccc(N(c2ccccc2)c2ccc(-c3cc(-c4ccc(N(c5ccccc5)c5ccccc5)cc4)cc(-c4ccc(N(c5ccccc5)c5ccccc5)cc4)c3)cc2)cc1,808.0410000000002,12.815259499047619,12,10,9.72,0,3
275,BR_63,2.6702,P,F,TBPSF,"CC(C)(C)c1ccc(cc1)c1ccc(cc1)c1ccc2c3ccc(cc
3C3(c4ccccc4c4ccccc34)c2c1)c1ccc(cc1)c1ccc
(cc1)C(C)(C)C",Reference,CC(C)(C)c1ccc(cc1)c1ccc(cc1)c1ccc2c3ccc(cc3C3(c4ccccc4c4ccccc34)c2c1)c1ccc(cc1)c1ccc(cc1)C(C)(C)C,TBPSF,CC(C)(C)c1ccc(-c2ccc(-c3ccc4c(c3)C3(c5ccccc5-c5ccccc53)c3cc(-c5ccc(-c6ccc(C(C)(C)C)cc6)cc5)ccc3-4)cc2)cc1,733.0110000000002,12.848694763789473,4,8,0.0,0,0
276,BR_64,2.618,T,F,PPATC3e,"CCn1c2ccccc2c2cc(ccc12)c1ccc(s1)c1ccc2n(c
3ccccc3)c3ccc(cc3c2c1)c1ccc(s1)c1ccc2c(c1)n
(CC)c1ccccc21",Reference,CCn1c2ccccc2c2cc(ccc12)c1ccc(s1)c1ccc2n(c3ccccc3)c3ccc(cc3c2c1)c1ccc(s1)c1ccc2c(c1)n(CC)c1ccccc21,PPATC3e,CCn1c2ccccc2c2cc(-c3ccc(-c4ccc5c(c4)c4cc(-c6ccc(-c7ccc8c9ccccc9n(CC)c8c7)s6)ccc4n5-c4ccccc4)s3)ccc21,794.061,13.445060004203388,7,12,14.79,0,5
277,BR_65,2.5999,T,F,PATB4a,"s1c(ccc1c1cc(cc(c1)c1ccc(s1)c1ccc(cc1)N(c1c
cccc1)c1ccccc1)c1ccc(s1)c1ccc(cc1)N(c1ccccc
1)c1ccccc1)c1ccc(cc1)N(c1ccccc1)c1ccccc1",Reference,s1c(ccc1c1cc(cc(c1)c1ccc(s1)c1ccc(cc1)N(c1ccccc1)c1ccccc1)c1ccc(s1)c1ccc(cc1)N(c1ccccc1)c1ccccc1)c1ccc(cc1)N(c1ccccc1)c1ccccc1,PATB4a,c1ccc(N(c2ccccc2)c2ccc(-c3ccc(-c4cc(-c5ccc(-c6ccc(N(c7ccccc7)c7ccccc7)cc6)s5)cc(-c5ccc(-c6ccc(N(c7ccccc7)c7ccccc7)cc6)s5)c4)s3)cc2)cc1,1054.4220000000003,13.50416040553846,15,13,9.72,0,6
278,BR_66,2.6128,T,F,TPOB,"CC(C)(C)c1ccc(cc1)c1nnc(o1)c1cc(cc(c1)c1nn
c(o1)c1ccc(cc1)C(C)(C)C)c1nnc(o1)c1ccc(cc1)
C(C)(C)C",Reference,CC(C)(C)c1ccc(cc1)c1nnc(o1)c1cc(cc(c1)c1nnc(o1)c1ccc(cc1)C(C)(C)C)c1nnc(o1)c1ccc(cc1)C(C)(C)C,TPOB,CC(C)(C)c1ccc(-c2nnc(-c3cc(-c4nnc(-c5ccc(C(C)(C)C)cc5)o4)cc(-c4nnc(-c5ccc(C(C)(C)C)cc5)o4)c3)o2)cc1,678.8370000000002,13.300624298117649,6,7,116.76,0,9
279,BT10_122,2.5944,T,G,ethyl methacrylate,CCOC(=O)C(=C)C,PubChemPy,CCOC(=O)C(=C)C,ethyl methacrylate,C=C(C)C(=O)OCC,114.14399999999998,14.258509945,2,0,26.3,0,2
280,BT10_246,2.6232,T,G,pentachlorophenyl acrylate,"C=CC(=O)OC1=C(C(=C(C(=C1Cl)Cl)Cl)Cl)C
l",PubChemPy,C=CC(=O)OC1=C(C(=C(C(=C1Cl)Cl)Cl)Cl)Cl,pentachlorophenyl acrylate,C=CC(=O)Oc1c(Cl)c(Cl)c(Cl)c(Cl)c1Cl,320.38599999999997,19.8660979835,2,1,26.3,0,2
281,BT10_250,2.567,T,H,isobornyl acrylate,CC1(C2CCC1(C(C2)OC(=O)C=C)C)C,PubChemPy,CC1(C2CCC1(C(C2)OC(=O)C=C)C)C,isobornyl acrylate,C=CC(=O)OC1CC2CCC1(C)C2(C)C,208.30099999999996,13.876421992,2,0,26.3,0,2
282,BWN_100,2.3444,T,H,"2-isopropyl-1,4-butadiene",CC(C)C(=C)C=C,ChemAxon,CC(C)C(=C)C=C,"2-isopropyl-1,4-butadiene",C=CC(=C)C(C)C,96.17299999999999,13.727700054857142,2,0,0.0,0,0
283,BWN_103,2.3579,T,H,2-octyl acrylate,CCCCCCC(C)OC(=O)C=C,PubChemPy,CCCCCCC(C)OC(=O)C=C,2-octyl acrylate,C=CC(=O)OC(C)CCCCCC,184.27899999999994,14.165102298461537,7,0,26.3,0,2
284,BWN_104,2.3711,P,H,2-heptyl acrylate,CCCCCCCC(=C)C([O-])=O,ChemAxon,CCCCCCCC(=C)C([O-])=O,2-heptyl acrylate,C=C(CCCCCCC)C(=O)[O-],169.244,14.0936169469925,7,0,40.129999999999995,0,2
285,BWN_105,2.3784,P,H,6-methyl-1-heptene,CC(C)CCCC=C,PubChemPy,CC(C)CCCC=C,6-methyl-1-heptene,C=CCCCC(C)C,112.21599999999998,14.015650063999999,4,0,0.0,0,0
286,BWN_106,2.382,T,H,"2-bromo-1,4-butadiene",BrC(=C)C=C,ChemAxon,BrC(=C)C=C,"2-bromo-1,4-butadiene",C=CC(=C)Br,132.988,26.391492452,1,0,0.0,0,0
287,BWN_107,2.3962,T,H,isobutyl acrylate,CC(C)COC(=O)C=C,PubChemPy,CC(C)COC(=O)C=C,isobutyl acrylate,C=CC(=O)OCC(C)C,128.17099999999996,14.231525513777777,3,0,26.3,0,2
288,BWN_109,2.6355,P,H,alpha-vinyl napthalene,C=CC1=CC=CC2=CC=CC=C21,PubChem,C=CC1=CC=CC2=CC=CC=C21,alpha-vinyl napthalene,C=Cc1cccc2ccccc12,154.212,12.839854193333332,1,2,0.0,0,0
289,BWN_110,2.6274,P,H,beta-vinyl napthalene,C=CC1=CC2=CC=CC=C2C=C1,PubChem,C=CC1=CC2=CC=CC=C2C=C1,beta-vinyl napthalene,C=Cc1ccc2ccccc2c1,154.212,12.839854193333332,1,2,0.0,0,0
290,BWN_111,2.4983,T,H,3-phenoxypropylene oxide,C1C(O1)COC2=CC=CC=C2,PubChem,C1C(O1)COC2=CC=CC=C2,3-phenoxypropylene oxide,c1ccc(OCC2CO2)cc1,150.177,13.642552687272728,3,1,21.759999999999998,0,2
291,BWN_112,2.6767,T,H,"alpha,beta,beta-trifluoro styrene",C1=CC=C(C=C1)C(=C(F)F)F,PubChem,C1=CC=C(C=C1)C(=C(F)F)F,"alpha,beta,beta-trifluoro styrene",FC(F)=C(F)c1ccccc1,158.122,14.366757710909091,1,1,0.0,0,0
292,BWN_113,2.6365,T,H,methyl alpha-cyano acrylate,COC(=O)C(=C)C#N,ChemAxon,COC(=O)C(=C)C#N,methyl alpha-cyano acrylate,C=C(C#N)C(=O)OC,111.09999999999998,13.87900355,1,0,50.09,0,3
293,BWN_114,2.6365,P,H,o-hydroxymethyl styrene,OCC1=C(C=C)C=CC=C1,ChemAxon,OCC1=C(C=C)C=CC=C1,o-hydroxymethyl styrene,C=Cc1ccccc1CO,134.178,13.407316494,2,1,20.23,1,1
294,BWN_115,2.4346,T,H,vinyl methyl sulfide,CSC=C,ChemAxon,CSC=C,vinyl methyl sulfide,C=CSC,74.148,18.504755298,1,0,0.0,0,1
295,BWN_116,2.444,T,H,vinyl butyrate,CCCC(=O)OC=C,PubChemPy,CCCC(=O)OC=C,vinyl butyrate,C=COC(=O)CCC,114.14399999999999,14.258509945,3,0,26.3,0,2
296,BWN_117,2.444,T,H,p-n-hexoxymethyl styrene,CCCCCCOCC1=CC=C(C=C)C=C1,ChemAxon,CCCCCCOCC1=CC=C(C=C)C=C1,p-n-hexoxymethyl styrene,C=Cc1ccc(COCCCCCC)cc1,218.33999999999995,13.63544158275,8,1,9.23,0,1
297,BWN_119,2.4533,T,H,2-ethylbutyl methacrylate,CCC(CC)COC(=O)C(=C)C,PubChemPy,CCC(CC)COC(=O)C(=C)C,2-ethylbutyl methacrylate,C=C(C)C(=O)OCC(CC)CC,170.25199999999995,14.177556651333333,5,0,26.3,0,2
298,BWN_120,2.4564,T,H,o-n-octoxy styrene,CCCCCCCCOC1=C(C=C)C=CC=C1,ChemAxon,CCCCCCCCOC1=C(C=C)C=CC=C1,o-n-octoxy styrene,C=Cc1ccccc1OCCCCCCCC,232.36699999999988,13.657806787529411,9,1,9.23,0,1
299,BWN_121,2.4669,T,H,"2-tert-butyl-1,4-butadiene",CC(C)(C)C(=C)C=C,ChemAxon,CC(C)(C)C(=C)C=C,"2-tert-butyl-1,4-butadiene",C=CC(=C)C(C)(C)C,110.19999999999999,13.763693806,1,0,0.0,0,0
300,BWN_122,2.4698,P,H,p-n-propoxymethyl styrene,CCCOCC1=CC=C(C=C)C=C1,ChemAxon,CCCOCC1=CC=C(C=C)C=C1,p-n-propoxymethyl styrene,C=Cc1ccc(COCCC)cc1,176.259,13.547701164,5,1,9.23,0,1
301,BWN_124,2.4857,T,H,neopentyl methacrylate,CC(=C)C(=O)OCC(C)(C)C,PubChemPy,CC(=C)C(=O)OCC(C)(C)C,neopentyl methacrylate,C=C(C)C(=O)OCC(C)(C)C,156.22499999999997,14.192275432,2,0,26.3,0,2
302,BWN_125,2.4914,T,H,12-aminododecanoic acid,C(CCCCCC(=O)O)CCCCCN,PubChemPy,C(CCCCCC(=O)O)CCCCCN,12-aminododecanoic acid,NCCCCCCCCCCCC(=O)O,215.33699999999996,14.345901935999999,11,0,63.32000000000001,2,2
303,BWN_126,2.4955,T,H,4-cyclohexyl-1-butene,C=CCCC1CCCCC1,ChemAxon,C=CCCC1CCCCC1,4-cyclohexyl-1-butene,C=CCCC1CCCCC1,138.254,13.8140850576,3,0,0.0,0,0
304,BWN_127,2.4983,P,H,11-aminoundecanoic acid,C(CCCCCN)CCCCC(=O)O,PubChemPy,C(CCCCCN)CCCCC(=O)O,11-aminoundecanoic acid,NCCCCCCCCCCC(=O)O,201.30999999999997,14.36949135542857,10,0,63.32000000000001,2,2
305,BWN_128,2.4997,T,H,10-aminodecanoic acid,C(CCCCC(=O)O)CCCCN,PubChemPy,C(CCCCC(=O)O)CCCCN,10-aminodecanoic acid,NCCCCCCCCCC(=O)O,187.283,14.396709916307692,9,0,63.32000000000001,2,2
306,BWN_129,2.5051,T,H,p-n-butoxy styrene,CCCCOC1=CC=C(C=C)C=C1,ChemAxon,CCCCOC1=CC=C(C=C)C=C1,p-n-butoxy styrene,C=Cc1ccc(OCCCC)cc1,176.259,13.547701164,5,1,9.23,0,1
307,BWN_131,2.5105,P,H,9-aminononanoic acid,C(CCCCN)CCCC(=O)O,PubChemPy,C(CCCCN)CCCC(=O)O,9-aminononanoic acid,NCCCCCCCCC(=O)O,173.256,14.428464904,8,0,63.32000000000001,2,2
308,BWN_132,2.5105,T,H,8-aminocaprylic acid,C(CCCC(=O)O)CCCN,PubChemPy,C(CCCC(=O)O)CCCN,8-aminocaprylic acid,NCCCCCCCC(=O)O,159.229,14.465993525818181,7,0,63.32000000000001,2,2
309,BWN_133,2.6284,T,H,hexafluoropropylene,C(=C(F)F)(C(F)(F)F)F,PubChemPy,C(=C(F)F)(C(F)(F)F)F,hexafluoropropylene,FC(F)=C(F)C(F)(F)F,150.021,16.665602146666668,0,0,0.0,0,0
310,BWN_134,2.5185,T,H,7-aminoheptanoic acid,C(CCCN)CCC(=O)O,PubChemPy,C(CCCN)CCC(=O)O,7-aminoheptanoic acid,NCCCCCCC(=O)O,145.202,14.511027872,6,0,63.32000000000001,2,2
311,BWN_135,2.5185,T,H,p-isopentoxy styrene,CC(C)CCOC1=CC=C(C=C)C=C1,ChemAxon,CC(C)CCOC1=CC=C(C=C)C=C1,p-isopentoxy styrene,C=Cc1ccc(OCCC(C)C)cc1,190.286,13.58112608542857,5,1,9.23,0,1
312,BWN_136,2.525,T,H,epsilon-caprolactam,C1CCC(=O)NCC1,PubChemPy,C1CCC(=O)NCC1,epsilon-caprolactam,O=C1CCCCCN1,113.16000000000001,14.1355079965,0,0,29.1,1,1
313,BWN_137,2.5353,T,H,p-n-propoxy styrene,CCCOC1=CC=C(C=C)C=C1,ChemAxon,CCCOC1=CC=C(C=C)C=C1,p-n-propoxy styrene,C=Cc1ccc(OCCC)cc1,162.232,13.508705422333334,4,1,9.23,0,1
314,BWN_140,2.5428,T,H,2-hydroxypropyl methacrylate,CC(COC(=O)C(=C)C)O,PubChemPy,CC(COC(=O)C(=C)C)O,2-hydroxypropyl methacrylate,C=C(C)C(=O)OCC(C)O,144.17,14.4078644244,3,0,46.53,1,3
315,BWN_141,2.5441,P,H,p-methoxymethyl styrene,COCC1=CC=C(C=C)C=C1,ChemAxon,COCC1=CC=C(C=C)C=C1,p-methoxymethyl styrene,C=Cc1ccc(COC)cc1,148.205,13.462619545818182,3,1,9.23,0,1
316,BWN_143,2.5551,P,H,p-sec-butyl styrene,CCC(C)C1=CC=C(C=C)C=C1,ChemAxon,CCC(C)C1=CC=C(C=C)C=C1,p-sec-butyl styrene,C=Cc1ccc(C(C)CC)cc1,160.26,13.343766709333332,3,1,0.0,0,0
317,BWN_144,2.5551,T,H,p-ethoxy styrene,CCOC1=CC=C(C=C)C=C1,ChemAxon,CCOC1=CC=C(C=C)C=C1,p-ethoxy styrene,C=Cc1ccc(OCC)cc1,148.205,13.462619545818182,3,1,9.23,0,1
318,BWN_146,2.5563,T,H,p-isopropyl styrene,CC(C)C1=CC=C(C=C)C=C1,ChemAxon,CC(C)C1=CC=C(C=C)C=C1,p-isopropyl styrene,C=Cc1ccc(C(C)C)cc1,146.233,13.282686404363636,2,1,0.0,0,0
319,BWN_147,2.5563,T,H,2-methyl-5-tert-butyl styrene,CC1=C(C=C)C=C(C=C1)C(C)(C)C,ChemAxon,CC1=C(C=C)C=C(C=C1)C(C)(C)C,2-methyl-5-tert-butyl styrene,C=Cc1cc(C(C)(C)C)ccc1C,174.287,13.395450044307692,1,1,0.0,0,0
320,BWN_149,2.5599,T,H,4-methoxy-2-methylstyrene,COC1=CC(C)=C(C=C)C=C1,ChemAxon,COC1=CC(C)=C(C=C)C=C1,4-methoxy-2-methylstyrene,C=Cc1ccc(OC)cc1C,148.20499999999998,13.462619545818182,2,1,9.23,0,1
321,BWN_153,2.5682,P,H,m-methyl styrene,CC1=CC(=CC=C1)C=C,PubChemPy,CC1=CC(=CC=C1)C=C,m-methyl styrene,C=Cc1cccc(C)c1,118.17899999999997,13.11980559111111,1,1,0.0,0,0
322,BWN_155,2.5729,T,H,"2,5-difluoro styrene",FC1=CC(C=C)=C(F)C=C1,ChemAxon,FC1=CC(C=C)=C(F)C=C1,"2,5-difluoro styrene",C=Cc1cc(F)ccc1F,140.13199999999998,14.0043756632,1,1,0.0,0,0
323,BWN_156,2.5752,T,H,o-ethyl styrene,CCC1=C(C=C)C=CC=C1,ChemAxon,CCC1=C(C=C)C=CC=C1,o-ethyl styrene,C=Cc1ccccc1CC,132.206,13.209390038399999,2,1,0.0,0,0
324,BWN_157,2.5763,T,H,"3,5-dimethyl styrene",CC1=CC(C=C)=CC(C)=C1,ChemAxon,CC1=CC(C=C)=CC(C)=C1,"3,5-dimethyl styrene",C=Cc1cc(C)cc(C)c1,132.206,13.209390038399999,1,1,0.0,0,0
325,BWN_158,2.5763,T,H,o-vinyl pyridine,C=CC1=NC=CC=C1,ChemAxon,C=CC1=NC=CC=C1,o-vinyl pyridine,C=Cc1ccccn1,105.13999999999999,13.132231153,1,1,12.89,0,1
326,BWN_159,2.5775,T,H,o-fluoro styrene,FC1=C(C=C)C=CC=C1,ChemAxon,FC1=C(C=C)C=CC=C1,o-fluoro styrene,C=Cc1ccccc1F,122.14199999999998,13.561464271555556,1,1,0.0,0,0
327,BWN_16,2.5599,T,H,3-chlorostyrene,C=CC1=CC(=CC=C1)Cl,PubChemPy,C=CC1=CC(=CC=C1)Cl,3-chlorostyrene,C=Cc1cccc(Cl)c1,138.597,15.335958655999999,1,1,0.0,0,0
328,BWN_160,2.5775,T,H,"2,3,4,5,6-pentafluoro styrene",FC1=C(F)C(F)=C(C=C)C(F)=C1F,ChemAxon,FC1=C(F)C(F)=C(C=C)C(F)=C1F,"2,3,4,5,6-pentafluoro styrene",C=Cc1c(F)c(F)c(F)c(F)c1F,194.10199999999998,14.924268553538461,1,1,0.0,0,0
329,BWN_162,2.5843,T,H,"3,4-dimethyl styrene",CC1=C(C)C=C(C=C)C=C1,ChemAxon,CC1=C(C)C=C(C=C)C=C1,"3,4-dimethyl styrene",C=Cc1ccc(C)c(C)c1,132.206,13.209390038399999,1,1,0.0,0,0
330,BWN_163,2.5843,T,H,2-fluoro-5-methyl styrene,CC1=CC(C=C)=C(F)C=C1,ChemAxon,CC1=CC(C=C)=C(F)C=C1,2-fluoro-5-methyl styrene,C=Cc1cc(C)ccc1F,136.16899999999998,13.6068828508,1,1,0.0,0,0
331,BWN_164,2.5855,T,H,"2,4-dimethyl styrene",CC1=CC(C)=C(C=C)C=C1,ChemAxon,CC1=CC(C)=C(C=C)C=C1,"2,4-dimethyl styrene",C=Cc1ccc(C)cc1C,132.206,13.209390038399999,1,1,0.0,0,0
332,BWN_165,2.5866,T,H,p-methoxycarbonyl styrene,COC(=O)C1=CC=C(C=C)C=C1,ChemAxon,COC(=O)C1=CC=C(C=C)C=C1,p-methoxycarbonyl styrene,C=Cc1ccc(C(=O)OC)cc1,162.188,13.505673296666666,2,1,26.3,0,2
333,BWN_166,2.5877,P,H,3-methyl-4-chloro styrene,CC1=C(Cl)C=CC(C=C)=C1,ChemAxon,CC1=C(Cl)C=CC(C=C)=C1,3-methyl-4-chloro styrene,C=Cc1ccc(Cl)c(C)c1,152.624,15.203927796799999,1,1,0.0,0,0
334,BWN_170,2.5944,T,H,"2,5-dichloro styrene",ClC1=CC(C=C)=C(Cl)C=C1,ChemAxon,ClC1=CC(C=C)=C(Cl)C=C1,"2,5-dichloro styrene",C=Cc1cc(Cl)ccc1Cl,173.042,17.1984655552,1,1,0.0,0,0
335,BWN_171,2.5944,T,H,methacrylonitrile,CC(=C)C#N,PubChemPy,CC(=C)C#N,methacrylonitrile,C=C(C)C#N,67.091,13.408439832,0,0,23.79,0,1
336,BWN_172,2.5955,T,H,alpha-p-dimethyl styrene,CC=CC1=CC=C(C)C=C1,ChemAxon,CC=CC1=CC=C(C)C=C1,alpha-p-dimethyl styrene,CC=Cc1ccc(C)cc1,132.206,13.209390038399999,1,1,0.0,0,0
337,BWN_173,2.5966,P,H,3-fluoro-4-chloro styrene,FC1=C(Cl)C=CC(C=C)=C1,ChemAxon,FC1=C(Cl)C=CC(C=C)=C1,3-fluoro-4-chloro styrene,C=Cc1ccc(Cl)c(F)c1,156.587,15.6014206092,1,1,0.0,0,0
338,BWN_174,2.5999,T,H,m-hydroxymethyl styrene,OCC1=CC=CC(C=C)=C1,ChemAxon,OCC1=CC=CC(C=C)=C1,m-hydroxymethyl styrene,C=Cc1cccc(CO)c1,134.178,13.407316494,2,1,20.23,1,1
339,BWN_175,2.6031,P,H,"3,4-dichlorostyrene",C=CC1=CC(=C(C=C1)Cl)Cl,PubChemPy,C=CC1=CC(=C(C=C1)Cl)Cl,"3,4-dichlorostyrene",C=Cc1ccc(Cl)c(Cl)c1,173.042,17.1984655552,1,1,0.0,0,0
340,BWN_176,2.6042,P,H,p-tert-butyl styrene,CC(C)(C)C1=CC=C(C=C)C=C1,ChemAxon,CC(C)(C)C1=CC=C(C=C)C=C1,p-tert-butyl styrene,C=Cc1ccc(C(C)(C)C)cc1,160.26,13.343766709333332,1,1,0.0,0,0
341,BWN_177,2.6085,P,H,"2,4-dichloro styrene",ClC1=CC(Cl)=C(C=C)C=C1,ChemAxon,ClC1=CC(Cl)=C(C=C)C=C1,"2,4-dichloro styrene",C=Cc1ccc(Cl)cc1Cl,173.042,17.1984655552,1,1,0.0,0,0
342,BWN_179,2.6138,P,H,p-phenyl styrene,C=CC1=CC=C(C=C1)C1=CC=CC=C1,ChemAxon,C=CC1=CC=C(C=C1)C1=CC=CC=C1,p-phenyl styrene,C=Cc1ccc(-c2ccccc2)cc1,180.25,12.86385002742857,2,2,0.0,0,0
343,BWN_18,2.6117,T,H,2-methylstyrene,CC1=CC=CC=C1C=C,PubChemPy,CC1=CC=CC=C1C=C,2-methylstyrene,C=Cc1ccccc1C,118.17899999999997,13.11980559111111,1,1,0.0,0,0
344,BWN_180,2.616,P,H,p-hydroxymethyl styrene,OCC1=CC=C(C=C)C=C1,ChemAxon,OCC1=CC=C(C=C)C=C1,p-hydroxymethyl styrene,C=Cc1ccc(CO)cc1,134.178,13.407316494,2,1,20.23,1,1
345,BWN_181,2.618,P,H,p-vinyl pyridine,C=CC1=CC=NC=C1,ChemAxon,C=CC1=CC=NC=C1,p-vinyl pyridine,C=Cc1ccncc1,105.13999999999999,13.132231153,1,1,12.89,0,1
346,BWN_182,2.6191,T,H,"2,5-dimethyl styrene",CC1=CC(C=C)=C(C)C=C1,ChemAxon,CC1=CC(C=C)=C(C)C=C1,"2,5-dimethyl styrene",C=Cc1cc(C)ccc1C,132.206,13.209390038399999,1,1,0.0,0,0
347,BWN_183,2.6201,T,H,p-bromo styrene,C=CC1=CC=C(C=C1)Br,PubChemPy,C=CC1=CC=C(C=C1)Br,p-bromo styrene,C=Cc1ccc(Br)cc1,183.048,20.219234702666668,1,1,0.0,0,0
348,BWN_184,2.6212,P,H,2-methyl-4-chloro styrene,CC1=C(C=C)C=CC(Cl)=C1,ChemAxon,CC1=C(C=C)C=CC(Cl)=C1,2-methyl-4-chloro styrene,C=Cc1ccc(Cl)cc1C,152.624,15.203927796799999,1,1,0.0,0,0
349,BWN_185,2.6212,T,H,n-vinyl pyrrolidone,C=CN1CCCC1=O,PubChemPy,C=CN1CCCC1=O,n-vinyl pyrrolidone,C=CN1CCCC1=O,111.14399999999999,13.8835517385,1,0,20.310000000000002,0,1
350,BWN_186,2.3118,T,H,tetramethylene adipate,CCCCOC(=O)CCCCC(=O)OCCCC,ChemAxon,CCCCOC(=O)CCCCC(=O)OCCCC,tetramethylene adipate,CCCCOC(=O)CCCCC(=O)OCCCC,258.3579999999999,14.34350607288889,11,0,52.60000000000001,0,4
351,BWN_187,2.3365,T,H,decamethylene adipate,C1CCCCCOC(=O)CCCCC(=O)OCCCC1,PubChemPy,C1CCCCCOC(=O)CCCCC(=O)OCCCC1,decamethylene adipate,O=C1CCCCC(=O)OCCCCCCCCCCO1,284.39599999999996,14.2099379688,0,0,52.60000000000001,0,4
352,BWN_188,2.3579,T,H,ethylene azelate,C1CCCC(=O)OCCOC(=O)CCC1,PubChemPy,C1CCCC(=O)OCCOC(=O)CCC1,ethylene azelate,O=C1CCCCCCCC(=O)OCCO1,214.26099999999997,14.274700603733333,0,0,52.60000000000001,0,4
353,BWN_189,2.3674,T,H,ethylene adipate,C1CCC(=O)OCCOC(=O)C1,PubChemPy,C1CCC(=O)OCCOC(=O)C1,ethylene adipate,O=C1CCCCC(=O)OCCO1,172.17999999999998,14.339463238666667,0,0,52.60000000000001,0,4
354,BWN_190,2.3856,T,H,ethylene sebacate,C1CCCCC(=O)OCCOC(=O)CCC1,PubChemPy,C1CCCCC(=O)OCCOC(=O)CCC1,ethylene sebacate,O=C1CCCCCCCCC(=O)OCCO1,228.28799999999995,14.258509945,0,0,52.60000000000001,0,4
355,BWN_191,2.4065,P,H,Perfluoropolymer 2,"FC(F)C(F)(F)C(F)(F)C(F)(F)c1ncnc(n1)C(F)(F
)C(F)(F)OC(F)(F)F",PubChem,FC(F)C(F)(F)C(F)(F)C(F)(F)c1ncnc(n1)C(F)(F)C(F)(F)OC(F)(F)F,Perfluoropolymer 2,FC(F)C(F)(F)C(F)(F)C(F)(F)c1ncnc(C(F)(F)C(F)(F)OC(F)(F)F)n1,465.11600000000004,16.03433913737931,7,1,47.900000000000006,0,4
356,BWN_192,2.415,T,H,Perfluoropolymer 1,"FC(OC(F)(F)C(F)(F)C(F)(F)C(F)(F)C(F)(F)C(
F)(F)OC(F)(c1ncnc(n1)C(F)(F)F)C(F)(F)F)C(F
)(F)F",PubChem,FC(OC(F)(F)C(F)(F)C(F)(F)C(F)(F)C(F)(F)C(F)(F)OC(F)(c1ncnc(n1)C(F)(F)F)C(F)(F)F)C(F)(F)F,Perfluoropolymer 1,FC(OC(F)(F)C(F)(F)C(F)(F)C(F)(F)C(F)(F)C(F)(F)OC(F)(c1ncnc(C(F)(F)F)n1)C(F)(F)F)C(F)(F)F,681.1430000000003,16.21376131819048,10,1,57.13,0,5
357,BWN_195,2.4955,T,H,hexamethylene sebacamide,C1CCCN(CC1)C(=O)CCCCCCCCC(=O)N,PubChemPy,C1CCCN(CC1)C(=O)CCCCCCCCC(=O)N,hexamethylene sebacamide,NC(=O)CCCCCCCCC(=O)N1CCCCCC1,282.428,14.11153641,9,0,63.400000000000006,1,2
358,BWN_196,2.5038,T,H,decamethylene sebacamide,"C1CCCCCN(CCCC1)C(=O)CCCCCCCCC(=
O)N",PubChemPy,C1CCCCCN(CCCC1)C(=O)CCCCCCCCC(=O)N,decamethylene sebacamide,NC(=O)CCCCCCCCC(=O)N1CCCCCCCCCC1,338.5360000000002,14.095555352333333,9,0,63.400000000000006,1,2
359,BWN_198,2.4742,T,H,ethyl-p-xylylene,CCc1c(C)ccc(C)c1,PubChem,CCc1c(C)ccc(C)c1,ethyl-p-xylylene,CCc1cc(C)ccc1C,134.22199999999998,13.4109550448,1,1,0.0,0,0
360,BWN_199,2.5159,T,H,methyl-p-xylylene,Cc1cc(C)c(C)cc1,PubChem,Cc1cc(C)c(C)cc1,methyl-p-xylylene,Cc1ccc(C)c(C)c1,120.195,13.343766709333332,0,1,0.0,0,0
361,BWN_2,2.3579,T,H,ethylethylene,CCC=C,PubChemPy,CCC=C,ethylethylene,C=CCC,56.10799999999999,14.015650063999999,1,0,0.0,0,0
362,BWN_20,2.5729,T,H,4-methylstyrene,CC1=CC=C(C=C1)C=C,PubChemPy,CC1=CC=C(C=C1)C=C,4-methylstyrene,C=Cc1ccc(C)cc1,118.17899999999997,13.11980559111111,1,1,0.0,0,0
363,BWN_200,2.5185,P,H,hexamethylene adipamide,C1CCCN(CC1)C(=O)CCCCC(=O)N,PubChemPy,C1CCCN(CC1)C(=O)CCCCC(=O)N,hexamethylene adipamide,NC(=O)CCCCC(=O)N1CCCCCC1,226.31999999999994,14.1355079965,5,0,63.400000000000006,1,2
364,BWN_203,2.5478,T,H,bromo-p-xylylene,Cc1cc(Br)c(C)cc1,PubChem,Cc1cc(Br)c(C)cc1,bromo-p-xylylene,Cc1ccc(C)c(Br)c1,185.06400000000002,20.44319582088889,0,1,0.0,0,0
365,BWN_204,2.5599,P,H,cyano-p-xylylene,Cc1cc(C#N)c(C)cc1,PubChem,Cc1cc(C#N)c(C)cc1,cyano-p-xylylene,Cc1ccc(C)c(C#N)c1,131.17800000000003,13.1073499288,0,1,23.79,0,1
366,BWN_205,2.5599,T,H,"alpha,alpha,alpha',alhpa'-tetrafluoro-p-
xylylene",FC(F)c1ccc(cc1)C(F)F,PubChem,FC(F)c1ccc(cc1)C(F)F,"alpha,alpha,alpha',alhpa'-tetrafluoro-p-xylylene",FC(F)c1ccc(C(F)F)cc1,178.12799999999996,14.836713589333334,2,1,0.0,0,0
367,BWN_206,2.5717,P,H,"2,5-dimethyl-p-xylylene",Cc1cc(C)c(C)cc1C,ChemAxon,Cc1cc(C)c(C)cc1C,"2,5-dimethyl-p-xylylene",Cc1cc(C)c(C)cc1C,134.22199999999998,13.4109550448,0,1,0.0,0,0
368,BWN_207,2.5911,T,H,Perfluoropolymer 3,FC(F)C1C(F)(F)C(F)C(F)(F)C1(F)F,PubChem,FC(F)C1C(F)(F)C(F)C(F)(F)C1(F)F,Perfluoropolymer 3,FC(F)C1C(F)(F)C(F)C(F)(F)C1(F)F,246.07199999999995,16.4006069384,1,0,0.0,0,0
369,BWN_208,2.6031,T,H,Polyetherimide 1,"Oc1ccc(Oc2ccc(Oc3cc4c(cc3)C(=O)N(CCCC
CCN3C(=O)c5ccccc5C3=O)C4=O)cc2)cc1",SpectraBase,Oc1ccc(Oc2ccc(Oc3cc4c(cc3)C(=O)N(CCCCCCN3C(=O)c5ccccc5C3=O)C4=O)cc2)cc1,Polyetherimide 1,O=C1c2ccccc2C(=O)N1CCCCCCN1C(=O)c2ccc(Oc3ccc(Oc4ccc(O)cc4)cc3)cc2C1=O,576.6050000000001,13.399759331069765,11,4,113.45000000000002,1,7
370,BWN_209,2.6335,T,H,"1,1-dichloroethylene bis[4-phenyl]
carbonate",Oc1ccc(cc1)C(Cl)(Cl)Cc1ccc(OC=O)cc1,Reference,Oc1ccc(cc1)C(Cl)(Cl)Cc1ccc(OC=O)cc1,"1,1-dichloroethylene bis[4-phenyl]carbonate",O=COc1ccc(CC(Cl)(Cl)c2ccc(O)cc2)cc1,311.164,15.500817480199998,5,2,46.53,1,3
371,BWN_210,2.5888,T,H,thio bis[4-phenyl] carbonate,Oc1ccc(Sc2ccc(OC=O)cc2)cc1,Reference,Oc1ccc(Sc2ccc(OC=O)cc2)cc1,thio bis[4-phenyl] carbonate,O=COc1ccc(Sc2ccc(O)cc2)cc1,246.287,14.472650892941177,4,2,46.53,1,4
372,BWN_211,2.6053,T,H,"1,1-ethane bis[4-phenyl] carbonate",CC(c1ccc(O)cc1)c1ccc(OC=O)cc1,Reference,CC(c1ccc(O)cc1)c1ccc(OC=O)cc1,"1,1-ethane bis[4-phenyl] carbonate",CC(c1ccc(O)cc1)c1ccc(OC=O)cc1,242.27399999999997,13.449683017111111,4,2,46.53,1,3
373,BWN_212,2.6096,T,H,"2,2-butane bis[4-phenyl] carbonate",CCC(C)(c1ccc(O)cc1)c1ccc(OC=O)cc1,Reference,CCC(C)(c1ccc(O)cc1)c1ccc(OC=O)cc1,"2,2-butane bis[4-phenyl] carbonate",CCC(C)(c1ccc(O)cc1)c1ccc(OC=O)cc1,270.328,13.506279721800002,5,2,46.53,1,3
374,BWN_213,2.6128,T,H,"2,2-pentane bis[4-phenyl] carbonate",CCCC(C)(c1ccc(O)cc1)c1ccc(OC=O)cc1,Reference,CCCC(C)(c1ccc(O)cc1)c1ccc(OC=O)cc1,"2,2-pentane bis[4-phenyl] carbonate",CCCC(C)(c1ccc(O)cc1)c1ccc(OC=O)cc1,284.355,13.530535452380951,6,2,46.53,1,3
375,BWN_214,2.6232,P,H,methane bis[4-phenyl] carbonate,Oc1ccc(Cc2ccc(OC=O)cc2)cc1,Reference,Oc1ccc(Cc2ccc(OC=O)cc2)cc1,methane bis[4-phenyl] carbonate,O=COc1ccc(Cc2ccc(O)cc2)cc1,228.247,13.416390837882354,4,2,46.53,1,3
376,BWN_215,2.5977,T,H,"1,1-butane bis[4-phenyl] carbonate",CCCC(c1ccc(O)cc1)c1ccc(OC=O)cc1,Reference,CCCC(c1ccc(O)cc1)c1ccc(OC=O)cc1,"1,1-butane bis[4-phenyl] carbonate",CCCC(c1ccc(O)cc1)c1ccc(OC=O)cc1,270.328,13.506279721800002,6,2,46.53,1,3
377,BWN_216,2.6222,T,H,"oxy-1,4-phenylene-oxy-1,4-phenylene-
carbonyl-1,4-phenylene",c1ccc(cc1)C(=O)c1ccc(cc1)Oc1ccc(cc1)O,Reference,c1ccc(cc1)C(=O)c1ccc(cc1)Oc1ccc(cc1)O,"oxy-1,4-phenylene-oxy-1,4-phenylene-carbonyl-1,4-phenylene",O=C(c1ccccc1)c1ccc(Oc2ccc(O)cc2)cc1,290.318,13.186104286727272,4,3,46.53,1,3
378,BWN_217,2.6243,T,H,"4,4-heptane bis[4-phenyl] carbonate",CCCC(CCC)(c1ccc(O)cc1)c1ccc(OC=O)cc1,Reference,CCCC(CCC)(c1ccc(O)cc1)c1ccc(OC=O)cc1,"4,4-heptane bis[4-phenyl] carbonate",CCCC(CCC)(c1ccc(O)cc1)c1ccc(OC=O)cc1,312.40900000000005,13.572719331652172,8,2,46.53,1,3
379,BWN_218,2.6253,T,H,"1,1-[2-methyl propane] bis[4-phenyl]
carbonate",CC(C)C(c1ccc(O)cc1)c1ccc(OC=O)cc1,Reference,CC(C)C(c1ccc(O)cc1)c1ccc(OC=O)cc1,"1,1-[2-methyl propane] bis[4-phenyl]carbonate",CC(C)C(c1ccc(O)cc1)c1ccc(OC=O)cc1,270.328,13.506279721800002,5,2,46.53,1,3
380,BWN_219,2.6435,T,H,"1,1-cyclopentane bis[4-phenyl]
carbonate",Oc1ccc(cc1)C1(CCCC1)c1ccc(OC=O)cc1,Reference,Oc1ccc(cc1)C1(CCCC1)c1ccc(OC=O)cc1,"1,1-cyclopentane bis[4-phenyl]carbonate",O=COc1ccc(C2(c3ccc(O)cc3)CCCC2)cc1,282.33899999999994,13.434552115999999,4,2,46.53,1,3
381,BWN_220,2.6474,T,H,"1,1-cyclohexane bis[4-phenyl]
carbonate",Oc1ccc(cc1)C1(CCCCC1)c1ccc(OC=O)cc1,Reference,Oc1ccc(cc1)C1(CCCCC1)c1ccc(OC=O)cc1,"1,1-cyclohexane bis[4-phenyl]carbonate",O=COc1ccc(C2(c3ccc(O)cc3)CCCCC2)cc1,296.366,13.460965659090908,4,2,46.53,1,3
382,BWN_221,2.6522,T,H,"2,2-hexafluoropropane bis[4-phenyl]
carbonate","Oc1ccc(cc1)C(c1ccc(OC=O)cc1)(C(F)(F)F)C(
F)(F)F",Reference,Oc1ccc(cc1)C(c1ccc(OC=O)cc1)(C(F)(F)F)C(F)(F)F,"2,2-hexafluoropropane bis[4-phenyl]carbonate",O=COc1ccc(C(c2ccc(O)cc2)(C(F)(F)F)C(F)(F)F)cc1,364.241,14.56213654,4,2,46.53,1,3
383,BWN_222,2.6522,T,H,"1,1-[1-phenyl ethane] bis[4-phenyl]
carbonate",CC(c1ccccc1)(c1ccc(O)cc1)c1ccc(OC=O)cc1,Reference,CC(c1ccccc1)(c1ccc(O)cc1)c1ccc(OC=O)cc1,"1,1-[1-phenyl ethane] bis[4-phenyl]carbonate",CC(c1ccccc1)(c1ccc(O)cc1)c1ccc(OC=O)cc1,318.37200000000007,13.255233101499998,5,3,46.53,1,3
384,BWN_224,2.6693,T,H,perfluoro styrene,FC(F)=C(F)C1=C(F)C(F)=C(F)C(F)=C1F,ChemAxon,FC(F)=C(F)C1=C(F)C(F)=C(F)C(F)=C1F,perfluoro styrene,FC(F)=C(F)c1c(F)c(F)c(F)c(F)c1F,248.07199999999995,15.49920161,1,1,0.0,0,0
385,BWN_225,2.6749,T,H,"2,2-propane bis[4-[2,6-
dimethylphenyl]]-carbonate","Cc1cc(cc(C)c1O)C(C)(C)c1cc(C)c(OC=O)c(C)
c1",Reference,Cc1cc(cc(C)c1O)C(C)(C)c1cc(C)c(OC=O)c(C)c1,"2,2-propane bis[4-[2,6-dimethylphenyl]]-carbonate",Cc1cc(C(C)(C)c2cc(C)c(OC=O)c(C)c2)cc(C)c1O,312.40900000000005,13.572719331652172,4,2,46.53,1,3
386,BWN_226,2.683,T,H,"oxy[2,6-dimethyl-1,4-phenylene]",[H]C1=C(O)C(C)=C([H])C(C)=C1,ChemAxon,[H]C1=C(O)C(C)=C([H])C(C)=C1,"oxy[2,6-dimethyl-1,4-phenylene]",Cc1ccc(O)c(C)c1,122.16699999999999,13.563684993333332,0,1,20.23,1,1
387,BWN_227,2.683,P,H,Polyetherimide,"Oc1ccc(Sc2ccc(Oc3cc4c(cc3)C(=O)N(C4=O)c
3cccc(c3)N3C(=O)c4ccccc4C3=O)cc2)cc1",Reference,Oc1ccc(Sc2ccc(Oc3cc4c(cc3)C(=O)N(C4=O)c3cccc(c3)N3C(=O)c4ccccc4C3=O)cc2)cc1,Polyetherimide,O=C1c2ccccc2C(=O)N1c1cccc(N2C(=O)c3ccc(Oc4ccc(Sc5ccc(O)cc5)cc4)cc3C2=O)c1,584.6090000000002,13.58381877581395,6,5,104.22,1,7
388,BWN_229,2.699,T,H,Polyetherimide,"Oc1ccc(Oc2ccc(Oc3cc4c(cc3)C(=O)N(C4=O)c
3cccc(c3)N3C(=O)c4ccccc4C3=O)cc2)cc1",Reference,Oc1ccc(Oc2ccc(Oc3cc4c(cc3)C(=O)N(C4=O)c3cccc(c3)N3C(=O)c4ccccc4C3=O)cc2)cc1,Polyetherimide,O=C1c2ccccc2C(=O)N1c1cccc(N2C(=O)c3ccc(Oc4ccc(Oc5ccc(O)cc5)cc4)cc3C2=O)c1,568.5410000000002,13.212256999534882,6,5,113.45000000000002,1,7
389,BWN_230,2.7033,T,H,Polycarbonate,"C(=O)Oc1ccc(cc1)C1(C2CCC(C2)C1)c1ccc(cc
1)O",Reference,C(=O)Oc1ccc(cc1)C1(C2CCC(C2)C1)c1ccc(cc1)O,Polycarbonate,O=COc1ccc(C2(c3ccc(O)cc3)CC3CCC2C3)cc1,308.377,13.397445413043476,4,2,46.53,1,3
390,BWN_231,2.7093,P,H,Polyetherimide,"Oc1ccc(cc1)C(=O)c1ccc(Oc2cc3c(cc2)C(=O)N
(C3=O)c2cccc(c2)N2C(=O)c3ccccc3C2=O)cc1",Reference,Oc1ccc(cc1)C(=O)c1ccc(Oc2cc3c(cc2)C(=O)N(C3=O)c2cccc(c2)N2C(=O)c3ccccc3C2=O)cc1,Polyetherimide,O=C(c1ccc(O)cc1)c1ccc(Oc2ccc3c(c2)C(=O)N(c2cccc(N4C(=O)c5ccccc5C4=O)c2)C3=O)cc1,580.5520000000002,13.184705704090907,6,5,121.28999999999999,1,7
391,BWN_232,2.716,T,H,Polycarbonate,"C(=O)Oc1ccc(cc1)C1(CC2C3CCCC3C1C2)c1
ccc(cc1)O",Reference,C(=O)Oc1ccc(cc1)C1(CC2C3CCCC3C1C2)c1ccc(cc1)O,Polycarbonate,O=COc1ccc(C2(c3ccc(O)cc3)CC3CC2C2CCCC32)cc1,348.4420000000001,13.391251716461538,4,2,46.53,1,3
392,BWN_233,2.716,T,H,Polyetherimide,"Oc1ccc(cc1)c1ccc(Oc2cc3c(cc2)C(=O)N(C3=
O)c2cccc(c2)N2C(=O)c3ccccc3C2=O)cc1",Reference,Oc1ccc(cc1)c1ccc(Oc2cc3c(cc2)C(=O)N(C3=O)c2cccc(c2)N2C(=O)c3ccccc3C2=O)cc1,Polyetherimide,O=C1c2ccccc2C(=O)N1c1cccc(N2C(=O)c3ccc(Oc4ccc(-c5ccc(O)cc5)cc4)cc3C2=O)c1,552.5420000000003,13.146003246666666,5,5,104.22,1,6
393,BWN_234,2.7332,T,H,Polyquinoline,"c1nc2c(cccc2)c(c1)c1ccc(cc1)Oc1ccc(cc1)c1c2
c(cccc2)nc(c1)c1ccccc1",Reference,c1nc2c(cccc2)c(c1)c1ccc(cc1)Oc1ccc(cc1)c1c2c(cccc2)nc(c1)c1ccccc1,Polyquinoline,c1ccc(-c2cc(-c3ccc(Oc4ccc(-c5ccnc6ccccc56)cc4)cc3)c3ccccc3n2)cc1,500.6010000000001,12.82535547148718,5,7,35.010000000000005,0,3
394,BWN_235,2.7372,T,H,Polyquinoline,"c1nc2c(cccc2)c(c1c1ccccc1)c1ccc(cc1)Oc1ccc(
cc1)c1c2c(cccc2)nc(c1c1ccccc1)c1ccccc1",Reference,c1nc2c(cccc2)c(c1c1ccccc1)c1ccc(cc1)Oc1ccc(cc1)c1c2c(cccc2)nc(c1c1ccccc1)c1ccccc1,Polyquinoline,c1ccc(-c2cnc3ccccc3c2-c2ccc(Oc3ccc(-c4c(-c5ccccc5)c(-c5ccccc5)nc5ccccc45)cc3)cc2)cc1,652.7970000000003,12.789244385176472,7,9,35.010000000000005,0,3
395,BWN_236,2.7582,P,H,Polyquinoline,C1Cc2c1cccccnc1c2cc(cc1)Oc1ccc2c(c1)c(c1ccccc1)cc(n2)c1ccccc1,Reference,C1Cc2c1cccccnc1c2cc(cc1)Oc1ccc2c(c1)c(c1ccccc1)cc(n2)c1ccccc1,Polyquinoline,c1ccc(-c2cc(-c3ccccc3)c3cc(Oc4ccc5ncccccc6c(c5c4)CC6)ccc3n2)cc1,502.61700000000025,12.877038806461538,4,6,35.010000000000005,0,3
396,BWN_237,2.7634,P,H,Polyphenolphthalein,C(=O)c1ccc(cc1)C(CCCCCC1C(=O)O1)c1ccc(cc1)C(=O)Oc1ccc(cc1)c1ccc(cc1)O,Reference,C(=O)c1ccc(cc1)C(CCCCCC1C(=O)O1)c1ccc(cc1)C(=O)Oc1ccc(cc1)c1ccc(cc1)O,Polyphenolphthalein,O=Cc1ccc(C(CCCCCC2OC2=O)c2ccc(C(=O)Oc3ccc(-c4ccc(O)cc4)cc3)cc2)cc1,534.6080000000002,13.355105966999997,12,4,93.2,1,6
397,BWN_238,2.7657,T,H,Polyphenolphthalein,"C(=O)c1ccc(cc1)C(CCCCCC1C(=O)O1)c1ccc
(cc1)C(=O)Oc1ccc(cc1)C(CCCCCC1C(=O)O1
)c1ccc(cc1)O",Reference,C(=O)c1ccc(cc1)C(CCCCCC1C(=O)O1)c1ccc(cc1)C(=O)Oc1ccc(cc1)C(CCCCCC1C(=O)O1)c1ccc(cc1)O,Polyphenolphthalein,O=Cc1ccc(C(CCCCCC2OC2=O)c2ccc(C(=O)Oc3ccc(C(CCCCCC4OC4=O)c4ccc(O)cc4)cc3)cc2)cc1,674.7900000000004,13.485759366079998,19,4,122.8,1,8
398,BWN_239,2.7731,T,H,Polyphenolphthalein,"C(=O)c1ccc(cc1)C(CCCCCC1C(=O)O1)c1ccc
(cc1)C(=O)Nc1ccc(cc1)Oc1ccc(cc1)N",Reference,C(=O)c1ccc(cc1)C(CCCCCC1C(=O)O1)c1ccc(cc1)C(=O)Nc1ccc(cc1)Oc1ccc(cc1)N,Polyphenolphthalein,Nc1ccc(Oc2ccc(NC(=O)c3ccc(C(CCCCCC4OC4=O)c4ccc(C=O)cc4)cc3)cc2)cc1,548.6390000000004,13.371490783512193,13,4,111.01999999999998,2,6
399,BWN_240,2.7825,T,H,Polyimide 1,"N1C(=O)c2c(C1=O)ccc(c2)C(=O)c1ccc2c(c1)
C(=O)N(C2=O)c1ccccc1",Reference,N1C(=O)c2c(C1=O)ccc(c2)C(=O)c1ccc2c(c1)C(=O)N(C2=O)c1ccccc1,Polyimide 1,O=C(c1ccc2c(c1)C(=O)NC2=O)c1ccc2c(c1)C(=O)N(c1ccccc1)C2=O,396.3580000000001,13.2024873828,3,3,100.62,1,5
400,BWN_241,2.7889,T,H,Polyetherimide 1,"N1C(=O)c2c(C1=O)ccc(c2)Oc1ccc2c(c1)C(=O
)N(C2=O)c1ccccc1",Reference,N1C(=O)c2c(C1=O)ccc(c2)Oc1ccc2c(c1)C(=O)N(C2=O)c1ccccc1,Polyetherimide 1,O=C1NC(=O)c2cc(Oc3ccc4c(c3)C(=O)N(c3ccccc3)C4=O)ccc21,384.3470000000001,13.243952464965517,3,3,92.78,1,5
401,BWN_242,2.791,T,H,Polyquinoline 1,"c1c2c1cccccc1c2c2c(nccccc1)ccc(c2)Oc1ccc2c
(c1)c(c1ccccc1)c(c1ccccc1)c(n2)c1ccccc1",Reference,c1c2c1cccccc1c2c2c(nccccc1)ccc(c2)Oc1ccc2c(c1)c(c1ccccc1)c(c1ccccc1)c(n2)c1ccccc1,Polyquinoline 1,c1ccc(-c2nc3ccc(Oc4ccc5ncccccc6cccccc7cc-7c6c5c4)cc3c(-c3ccccc3)c2-c2ccccc2)cc1,652.7970000000003,12.78924438517647,5,7,35.010000000000005,0,3
402,BWN_243,2.8182,P,H,Polyphenolphthalein,"C(=O)c1ccc(cc1)C(CCCCCC1C(=O)O1)c1ccc
(cc1)C(=O)Nc1ccc(cc1)C(CCCCCC1C(=O)O1
)c1ccc(cc1)N",Reference,C(=O)c1ccc(cc1)C(CCCCCC1C(=O)O1)c1ccc(cc1)C(=O)Nc1ccc(cc1)C(CCCCCC1C(=O)O1)c1ccc(cc1)N,Polyphenolphthalein,Nc1ccc(C(CCCCCC2OC2=O)c2ccc(NC(=O)c3ccc(C(CCCCCC4OC4=O)c4ccc(C=O)cc4)cc3)cc2)cc1,672.8220000000005,13.44639874256,19,4,131.39,2,7
403,BWN_244,2.8248,P,H,Polytricyclic,"c1c2c1ccccc[nH]c1c([nH]2)cc2c(c1)nc(c(n2)c1
ccccc1)c1ccccc1",Reference,c1c2c1ccccc[nH]c1c([nH]2)cc2c(c1)nc(c(n2)c1ccccc1)c1ccccc1,Polytricyclic,c1cc[nH]c2cc3nc(-c4ccccc4)c(-c4ccccc4)nc3cc2[nH]c2cc-2cc1,412.49600000000015,12.880274895000001,2,4,57.36,2,2
404,BWN_246,2.828,T,H,Polyphenolphthalein,"C(=O)c1ccc(cc1)C(CCCCCC1C(=O)O1)c1ccc
(cc1)C(=O)Nc1ccc(cc1)C(CCCCCC1C(=O)N1
)c1ccc(cc1)N",Reference,C(=O)c1ccc(cc1)C(CCCCCC1C(=O)O1)c1ccc(cc1)C(=O)Nc1ccc(cc1)C(CCCCCC1C(=O)N1)c1ccc(cc1)N,Polyphenolphthalein,Nc1ccc(C(CCCCCC2NC2=O)c2ccc(NC(=O)c3ccc(C(CCCCCC4OC4=O)c4ccc(C=O)cc4)cc3)cc2)cc1,671.8380000000005,13.4267184308,19,4,140.79999999999998,3,6
405,BWN_247,2.5105,T,H,ethylene isophthalate,C1COC(=O)C2=CC=CC(=C2)C(=O)O1,PubChemPy,C1COC(=O)C2=CC=CC(=C2)C(=O)O1,ethylene isophthalate,O=C1OCCOC(=O)c2cccc1c2,192.17000000000002,13.717304195428571,0,1,52.6,0,4
406,BWN_249,2.3424,P,H,oxycarbonyl-3-methylpentamethylene,C(=O)CCC(C)CCO,SpectraBase,C(=O)CCC(C)CCO,oxycarbonyl-3-methylpentamethylene,CC(CCO)CCC=O,130.18699999999998,14.455486632,5,0,37.3,1,2
407,BWN_250,2.3802,T,H,"oxycarbonyl-1,5-
dimethylpentamethylene",C(=O)C(C)CCCC(C)O,Reference,C(=O)C(C)CCCC(C)O,"oxycarbonyl-1,5-dimethylpentamethylene",CC(O)CCCC(C)C=O,144.214,14.4115029752,5,0,37.3,1,2
408,BWN_251,2.5276,P,H,"ethylene-1,4-naphthalenedicarboxylate",C(=O)c1c2c(cccc2)c(cc1)C(=O)OCCO,Reference,C(=O)c1c2c(cccc2)c(cc1)C(=O)OCCO,"ethylene-1,4-naphthalenedicarboxylate",O=Cc1ccc(C(=O)OCCO)c2ccccc12,244.24599999999998,13.559642159111112,4,2,63.60000000000001,1,4
409,BWN_252,2.5366,T,H,"ethylene-1,5-naphthalenedicarboxylate",C(=O)c1cccc2c(cccc12)C(=O)OCCO,Reference,C(=O)c1cccc2c(cccc12)C(=O)OCCO,"ethylene-1,5-naphthalenedicarboxylate",O=Cc1cccc2c(C(=O)OCCO)cccc12,244.24599999999995,13.559642159111112,4,2,63.60000000000001,1,4
410,BWN_253,2.5502,P,H,ethylene oxybenzoate,"C1COC2=C(C=CC1=C2)C(=O)OOC(=O)C3=
CC=CC=C3",PubChemPy,C1COC2=C(C=CC1=C2)C(=O)OOC(=O)C3=CC=CC=C3,ethylene oxybenzoate,O=C(OOC(=O)c1ccc2cc1OCC2)c1ccccc1,284.26699999999994,13.527070165904764,2,2,61.83,0,5
411,BWN_254,2.5563,P,H,thio [p-phenylene],c1ccc(cc1)S,PubChem,c1ccc(cc1)S,thio [p-phenylene],Sc1ccccc1,110.18099999999997,15.717003027428571,0,1,0.0,1,1
412,BWN_255,2.5988,P,H,"ethylene-2,6-naphthalenedicarboxylate",C(=O)c1ccc2cc(ccc2c1)C(=O)OCCO,Reference,C(=O)c1ccc2cc(ccc2c1)C(=O)OCCO,"ethylene-2,6-naphthalenedicarboxylate",O=Cc1ccc2cc(C(=O)OCCO)ccc2c1,244.24599999999995,13.559642159111112,4,2,63.60000000000001,1,4
413,BWN_256,2.6053,T,H,hexamethylene isophthalamide,"C1CCCN(CC1)C(=O)C2=CC=CC(=C2)C(=O)
N",PubChemPy,C1CCCN(CC1)C(=O)C2=CC=CC(=C2)C(=O)N,hexamethylene isophthalamide,NC(=O)c1cccc(C(=O)N2CCCCCC2)c1,246.3099999999999,13.674268212,2,1,63.400000000000006,1,2
414,BWN_257,2.6138,T,H,m-phenylene isophthalate,"OC(=O)C1=CC(=CC=C1)C(=O)[O]1C2=CC1
=CC=C2",PubChem,O=C(Oc1cccc(OC(=O)c2cccc(c2)C=O)c1)c3cccc(C=O)c3,m-phenylene isophthalate,O=Cc1cccc(C(=O)Oc2cccc(OC(=O)c3cccc(C=O)c3)c2)c1,374.348,13.359965648857143,6,3,86.74000000000001,0,6
415,BWN_258,2.7364,T,H,m-phenylene isophthalamide,"C1=CC(=CC(=C1)C(=O)N2C3=CC2=CC=C3)
C(=O)N",PubChemPy,C1=CC(=CC(=C1)C(=O)N2C3=CC2=CC=C3)C(=O)N,m-phenylene isophthalamide,NC(=O)c1cccc(C(=O)N2c3cccc2c3)c1,238.24599999999998,13.226345975555555,2,1,63.400000000000006,1,2
416,BWN_259,2.6232,T,H,p-hydroxybenzoate,C1=CC(=CC=C1C(=O)O)[O-],PubChemPy,C1=CC(=CC=C1C(=O)O)[O-],p-hydroxybenzoate,O=C(O)c1ccc([O-])cc1,137.11399999999998,13.702441759991,1,1,60.36,1,2
417,BWN_260,2.5717,T,H,Phenoxy resin,CC(=C1C=CC=CC1C2=CC=C(C=C2)OCC(CO)O)C,PubChemPy,CC(=C1C=CC=CC1C2=CC=C(C=C2)OCC(CO)O)C,Phenoxy resin,CC(C)=C1C=CC=CC1c1ccc(OCC(O)CO)cc1,286.3709999999999,13.626518788761903,5,1,49.69,2,3
418,BWN_262,2.6928,T,H,ultem,"CC(C)(c1ccc(Oc2cc3c(cc2)C(=O)NC3=O)cc1)
c1ccc(Oc2cc3c(cc2)C(=O)N(C3=O)c2ccccc2)c
c1",SpectraBase,CC(C)(c1ccc(Oc2cc3c(cc2)C(=O)NC3=O)cc1)c1ccc(Oc2cc3c(cc2)C(=O)N(C3=O)c2ccccc2)cc1,ultem,CC(C)(c1ccc(Oc2ccc3c(c2)C(=O)NC3=O)cc1)c1ccc(Oc2ccc3c(c2)C(=O)N(c2ccccc2)C3=O)cc1,594.6230000000003,13.203979701155557,7,5,102.00999999999999,1,6
419,BWN_28,2.2989,T,H,"1,1-dimethylethylene",CC(=C)C,PubChemPy,CC(=C)C,"1,1-dimethylethylene",C=C(C)C,56.10799999999999,14.015650063999999,0,0,0.0,0,0
420,BWN_31,2.6117,P,H,alpha-methylstyrene,CC(=C)C1=CC=CC=C1,PubChemPy,CC(=C)C1=CC=CC=C1,alpha-methylstyrene,C=C(C)c1ccccc1,118.17899999999995,13.11980559111111,1,1,0.0,0,0
421,BWN_43,2.2788,P,H,oxytetramethylene,[H]OCCCC,ChemAxon,[H]OCCCC,oxytetramethylene,CCCCO,74.12299999999999,14.814632988,2,0,20.23,1,1
422,BWN_60,2.4031,T,H,vinyl sec-butyl ether,CCC(C)OC=C,ChemAxon,CCC(C)OC=C,vinyl sec-butyl ether,C=COC(C)CC,100.161,14.298402143428572,3,0,9.23,0,1
423,BWN_89,2.2833,T,H,"2-n-butyl-1,4-butadiene",CCCCC(=C)C=C,ChemAxon,CCCCC(=C)C=C,"2-n-butyl-1,4-butadiene",C=CC(=C)CCCC,110.2,13.763693806,4,0,0.0,0,0
424,BWN_90,2.2742,T,H,3-hexoxypropylene oxide,CCCCCCOCC1CO1,ChemAxon,CCCCCCOCC1CO1,3-hexoxypropylene oxide,CCCCCCOCC1CO1,158.24099999999999,14.375516346909091,7,0,21.759999999999998,0,2
425,BWN_92,2.2923,T,H,"2-n-propyl-1,4-butadiene",CCCC(=C)C=C,ChemAxon,CCCC(=C)C=C,"2-n-propyl-1,4-butadiene",C=CC(=C)CCC,96.173,13.727700054857142,3,0,0.0,0,0
426,BWN_93,2.2945,T,H,"2-ethyl-1,4-butadiene",CCC(=C)C=C,ChemAxon,CCC(=C)C=C,"2-ethyl-1,4-butadiene",C=CC(=C)CC,82.146,13.679708386666666,2,0,0.0,0,0
427,BWN_95,2.3139,T,H,propylene oxide,CC1CO1,PubChemPy,CC1CO1,propylene oxide,CC1CO1,58.08,14.510466203,0,0,12.53,0,1
428,BWN_96,2.3243,T,H,3-methoxypropylene oxide,COCC1CO1,PubChemPy,COCC1CO1,3-methoxypropylene oxide,COCC1CO1,88.10600000000001,14.675404916,2,0,21.759999999999998,0,2
429,BWN_97,2.3284,T,H,pentadiene,CC=CC=C,PubChemPy,CC=CC=C,pentadiene,C=CC=CC,68.119,13.612520051199999,1,0,0.0,0,0
430,BWN_98,2.3284,T,H,epsilon-caprolactone,C1CCC(=O)OCC1,PubChemPy,C1CCC(=O)OCC1,epsilon-caprolactone,O=C1CCCCCO1,114.144,14.258509945,0,0,26.3,0,2
431,CAO_006,2.5786,T,I,acrylicacid,CC1=CC(=C(C=C1)OC)CCN,PubChemPy,CC1=CC(=C(C=C1)OC)CCN,acrylicacid,COc1ccc(C)cc1CCN,165.23599999999996,13.759613674999999,3,1,35.25,1,2
432,CAO_007,2.4487,T,I,methylacrylate,COC(=O)C=C,PubChemPy,COC(=O)C=C,methylacrylate,C=CC(=O)OC,86.08999999999999,14.339463238666667,1,0,26.3,0,2
433,CAO_008,2.3997,P,I,ethylacrylate,CCC(=C)C([O-])=O,ChemAxon,CCC(=C)C([O-])=O,ethylacrylate,C=C(CC)C(=O)[O-],99.10899999999998,14.14930757770143,2,0,40.129999999999995,0,2
434,CAO_009,2.4031,P,I,sec-butylacrylate,CCC1=CC(=CC(=C1)C)C,PubChemPy,CCC1=CC(=CC(=C1)C)C,sec-butylacrylate,CCc1cc(C)cc(C)c1,134.22199999999998,13.4109550448,1,1,0.0,0,0
435,CAO_025,2.4983,T,I,tert-butylacrylate,CC(C)(C)OC(=O)C=C,PubChemPy,CC(C)(C)OC(=O)C=C,tert-butylacrylate,C=CC(=O)OC(C)(C)C,128.17099999999996,14.231525513777777,1,0,26.3,0,2
436,CAO_026,2.3404,T,I,n-butylacrylate,CCCCOC(=O)C=C,PubChemPy,CCCCOC(=O)C=C,n-butylacrylate,C=CC(=O)OCCCC,128.171,14.231525513777777,4,0,26.3,0,2
437,CAO_032,2.5775,T,I,methylmethylacrylate,CC=C(C)C([O-])=O,ChemAxon,CC=C(C)C([O-])=O,methylmethylacrylate,CC=C(C)C(=O)[O-],99.10899999999998,14.14930757770143,1,0,40.129999999999995,0,2
438,CAO_033,2.5105,T,I,ethylmethylacrylate,CCC=C(C)C([O-])=O,ChemAxon,CCC=C(C)C([O-])=O,ethylmethylacrylate,CCC=C(C)C(=O)[O-],113.13599999999998,14.13260038848875,2,0,40.129999999999995,0,2
439,CAO_034,2.5145,T,I,isopropylmethylacrylate,CC(C)C=C(C)C([O-])=O,ChemAxon,CC(C)C=C(C)C([O-])=O,isopropylmethylacrylate,CC(=CC(C)C)C(=O)[O-],127.163,14.11960590799,2,0,40.129999999999995,0,2
440,CAO_035,2.5635,P,I,ethylchloroacrylate,CCC(=C)C(Cl)=O,ChemAxon,CCC(=C)C(Cl)=O,ethylchloroacrylate,C=C(CC)C(=O)Cl,118.56299999999999,16.859791789142857,2,0,17.07,0,1
441,CAO_036,2.5623,T,I,2-chloroethylmethylacrylate,CC(=CCCCl)C([O-])=O,ChemAxon,CC(=CCCCl)C([O-])=O,2-chloroethylmethylacrylate,CC(=CCCCl)C(=O)[O-],147.58100000000002,16.33575897287889,3,0,40.129999999999995,0,2
442,CAO_037,2.5798,T,I,tert-butylmethylacrylate,CC(C)(C)CC(=C)C([O-])=O,ChemAxon,CC(C)(C)CC(=C)C([O-])=O,tert-butylmethylacrylate,C=C(CC(C)(C)C)C(=O)[O-],141.18999999999997,14.109210323591,2,0,40.129999999999995,0,2
443,CAO_038,2.5944,P,I,phenylmethylacrylate,[O-]C(=O)C(=C)CC1=CC=CC=C1,ChemAxon,[O-]C(=O)C(=C)CC1=CC=CC=C1,phenylmethylacrylate,C=C(Cc1ccccc1)C(=O)[O-],161.17999999999995,13.421733592325834,3,1,40.129999999999995,0,2
444,CAO_044,2.5378,P,I,ethyleneterephthalate,C=C1OC(=O)C2=CC=C(C=C2)C(=O)O1,PubChemPy,C=C1OC(=O)C2=CC=C(C=C2)C(=O)O1,ethyleneterephthalate,C=C1OC(=O)c2ccc(cc2)C(=O)O1,190.15399999999997,13.573329190857143,0,1,52.60000000000001,0,4
445,CAO_052,2.4031,T,I,n-octylmethylacrylate,CCCCCCCCC=C(C)C([O-])=O,ChemAxon,CCCCCCCCC=C(C)C([O-])=O,n-octylmethylacrylate,CCCCCCCCC=C(C)C(=O)[O-],197.29799999999997,14.082478820850714,8,0,40.129999999999995,0,2
446,CAO_054,2.3345,P,I,n-nonylacrylate,CCCCCCCCCC(=C)C([O-])=O,ChemAxon,CCCCCCCCCC(=C)C([O-])=O,n-nonylacrylate,C=C(CCCCCCCCC)C(=O)[O-],197.29799999999997,14.082478820850714,9,0,40.129999999999995,0,2
447,CAO_055,2.3345,T,I,n-hexylacrylate,CCCCCCOC(=O)C=C,PubChemPy,CCCCCCOC(=O)C=C,n-hexylacrylate,C=CC(=O)OCCCCCC,156.225,14.192275432,6,0,26.3,0,2
448,CAO_058,2.3598,T,I,n-propylacrylate,CCCOC(=O)C=C,PubChemPy,CCCOC(=O)C=C,n-propylacrylate,C=CC(=O)OCCC,114.14399999999999,14.258509945,3,0,26.3,0,2
449,CAO_063,2.5024,P,I,"3,3-dimethylbutylmethacrylate",CC(=CCCC(C)(C)C)C([O-])=O,ChemAxon,CC(=CCCC(C)(C)C)C([O-])=O,"3,3-dimethylbutylmethacrylate",CC(=CCCC(C)(C)C)C(=O)[O-],169.244,14.0936169469925,3,0,40.129999999999995,0,2
450,CAO_068,2.5185,T,I,sec-butylmethacrylate,CCOC(=O)C1=CC2=C(N1)C(=CC=C2)Br,PubChemPy,CCOC(=O)C1=CC2=C(N1)C(=CC=C2)Br,sec-butylmethacrylate,CCOC(=O)c1cc2cccc(Br)c2[nH]1,268.10999999999996,17.799299377333334,2,2,42.09,1,2
451,CAO_073,2.4281,T,I,n-hexylmethacrylate,CCCCCCOC(=O)C(=C)C,PubChemPy,CCCCCCOC(=O)C(=C)C,n-hexylmethacrylate,C=C(C)C(=O)OCCCCCC,170.25199999999995,14.177556651333333,6,0,26.3,0,2
452,CAO_076,2.4669,T,I,n-butylmethacrylate,CCCCOC(=O)C(=C)C,PubChemPy,CCCCOC(=O)C(=C)C,n-butylmethacrylate,C=C(C)C(=O)OCCCC,142.19799999999998,14.2099379688,4,0,26.3,0,2
453,CAO_077,2.4669,P,I,2-methoxyethylmethacrylate,CC(=C)C(=O)OCCOC,PubChemPy,CC(=C)C(=O)OCCOC,2-methoxyethylmethacrylate,C=C(C)C(=O)OCCOC,144.17,14.4078644244,4,0,35.53,0,3
454,CAO_080,2.4829,P,I,vinylchloroacetate,C=CC(C(=O)[O-])Cl,PubChemPy,C=CC(C(=O)[O-])Cl,vinylchloroacetate,C=CC(Cl)C(=O)[O-],119.52699999999999,16.99864723255857,2,0,40.129999999999995,0,2
455,CAO_081,2.4857,P,I,n-propylmethacrylate,CCCOC(=O)C(=C)C,PubChemPy,CCCOC(=O)C(=C)C,n-propylmethacrylate,C=C(C)C(=O)OCCC,128.17099999999996,14.231525513777777,3,0,26.3,0,2
456,DU1_002,2.4314,T,J,isopropylacrylate,CC(C)C(=C)C([O-])=O,ChemAxon,CC(C)C(=C)C([O-])=O,isopropylacrylate,C=C(C(=O)[O-])C(C)C,113.13599999999998,14.13260038848875,2,0,40.129999999999995,0,2
457,DU1_010,2.5944,T,J,isobutylmethacrylate,CC(C)COC(=O)C(=C)C,PubChemPy,CC(C)COC(=O)C(=C)C,isobutylmethacrylate,C=C(C)C(=O)OCC(C)C,142.19799999999998,14.2099379688,3,0,26.3,0,2
458,FL_10,2.4686,T,K,isoamyl methacrylate,CC(C)CCOC(=O)C(=C)C,PubChemPy,CC(C)CCOC(=O)C(=C)C,isoamyl methacrylate,C=C(C)C(=O)OCCC(C)C,156.22499999999997,14.192275432,4,0,26.3,0,2
459,FL_12,2.4268,T,K,2-ethylhexyl methacrylate,CCCCC(CC)COC(=O)C(=C)C,PubChemPy,CCCCC(CC)COC(=O)C(=C)C,2-ethylhexyl methacrylate,C=C(C)C(=O)OCC(CC)CCCC,198.30599999999993,14.154427138857143,7,0,26.3,0,2
460,FL_13,2.4119,T,K,2-propylheptyl methacrylate,CCCCCC(CCC)COC(=O)C(=C)C,PubChemPy,CCCCCC(CCC)COC(=O)C(=C)C,2-propylheptyl methacrylate,C=C(C)C(=O)OCC(CCC)CCCCC,226.3599999999999,14.1370800045,9,0,26.3,0,2
461,FL_15,2.3841,P,K,tridecyl methacrylate,CCCCCCCCCCCCCOC(=O)C(=C)C,PubChemPy,CCCCCCCCCCCCCOC(=O)C(=C)C,tridecyl methacrylate,C=C(C)C(=O)OCCCCCCCCCCCCC,268.44099999999986,14.117906856,13,0,26.3,0,2
462,FL_16,2.3466,T,K,heptadecyl methacrylate,CCCCCCCCCCCCCCCCCOC(=O)C(=C)C,PubChemPy,CCCCCCCCCCCCCCCCCOC(=O)C(=C)C,heptadecyl methacrylate,C=C(C)C(=O)OCCCCCCCCCCCCCCCCC,324.54900000000004,14.100123066086956,17,0,26.3,0,2
463,FL_17,2.3388,T,K,henicosyl methacrylate,"CCCCCCCCCCCCCCCCCCCCCOC(=O)C(=
C)C",PubChemPy,CCCCCCCCCCCCCCCCCCCCCOC(=O)C(=C)C,henicosyl methacrylate,C=C(C)C(=O)OCCCCCCCCCCCCCCCCCCCCC,380.6570000000002,14.087608547259258,21,0,26.3,0,2
464,FL_18,2.4364,T,K,dimethylaminoethyl methacrylate,CC(=C)C(=O)OCCN(C)C,PubChemPy,CC(=C)C(=O)OCCN(C)C,dimethylaminoethyl methacrylate,C=C(C)C(=O)OCCN(C)C,157.213,14.28275261090909,4,0,29.54,0,3
465,FL_19,2.47,T,K,tert-butylaminoethyl methacrylate,CC(=C)C(=O)OCCNC(C)(C)C,PubChemPy,CC(=C)C(=O)OCCNC(C)(C)C,tert-butylaminoethyl methacrylate,C=C(C)C(=O)OCCNC(C)(C)C,185.26699999999997,14.241659911384614,4,0,38.33,1,3
466,FL_20,2.4268,P,K,dimethylaminopropyl methacrylate,CN(C)CCCOC(=O)C(C)=C,ChemAxon,CN(C)CCCOC(=O)C(C)=C,dimethylaminopropyl methacrylate,C=C(C)C(=O)OCCCN(C)C,171.23999999999998,14.260494065333333,5,0,29.54,0,3
467,FL_21,2.3639,T,K,"2-(2-dimethylaminoethyloxy)ethyl
methacrylate",CN(C)CCOCCOC(=O)C(C)=C,ChemAxon,CN(C)CCOCCOC(=O)C(C)=C,2-(2-dimethylaminoethyloxy)ethylmethacrylate,C=C(C)C(=O)OCCOCCN(C)C,201.26599999999996,14.366892390571428,7,0,38.77,0,4
468,FL_22,2.3388,T,K,"2-[2-
dimethylaminoethyl(methyl)amino]eth
yl methacrylate",CN(C)CCN(C)CCOC(=O)C(C)=C,ChemAxon,CN(C)CCN(C)CCOC(=O)C(C)=C,2-[2-dimethylaminoethyl(methyl)amino]ethyl methacrylate,C=C(C)C(=O)OCCN(C)CCN(C)C,214.30899999999997,14.277875196266667,7,0,32.78,0,4
469,FL_23,2.452,T,K,methyl acrylate,COC(=O)C=C,PubChemPy,COC(=O)C=C,methyl acrylate,C=CC(=O)OC,86.08999999999999,14.339463238666667,1,0,26.3,0,2
470,FL_26,2.3287,P,K,hexyl acrylate,CCCCCCOC(=O)C=C,PubChemPy,CCCCCCOC(=O)C=C,hexyl acrylate,C=CC(=O)OCCCCCC,156.225,14.192275432,6,0,26.3,0,2
471,FL_31,2.5013,T,K,tert-butyl acrylate,CC(C)(C)OC(=O)C=C,PubChemPy,CC(C)(C)OC(=O)C=C,tert-butyl acrylate,C=CC(=O)OC(C)(C)C,128.17099999999996,14.231525513777777,1,0,26.3,0,2
472,FL_32,2.3732,T,K,isoamyl acrylate,CC(C)CCOC(=O)C=C,PubChemPy,CC(C)CCOC(=O)C=C,isoamyl acrylate,C=CC(=O)OCCC(C)C,142.19799999999998,14.2099379688,4,0,26.3,0,2
473,FL_33,2.4817,T,K,cyclohexyl acrylate,C=CC(=O)OC1CCCCC1,PubChemPy,C=CC(=O)OC1CCCCC1,cyclohexyl acrylate,C=CC(=O)OC1CCCCC1,154.20899999999997,14.009034517090909,2,0,26.3,0,2
474,FL_34,2.3205,T,K,2-ethylhexyl acrylate,CCCCC(CC)COC(=O)C=C,PubChemPy,CCCCC(CC)COC(=O)C=C,2-ethylhexyl acrylate,C=CC(=O)OCC(CC)CCCC,184.27899999999994,14.165102298461537,7,0,26.3,0,2
475,FL_35,2.3142,P,K,2-propylheptyl acrylate,CCCCCC(CCC)COC(=O)C=C,PubChemPy,CCCCCC(CCC)COC(=O)C=C,2-propylheptyl acrylate,C=CC(=O)OCC(CCC)CCCCC,212.33299999999994,14.145175333866666,9,0,26.3,0,2
476,FL_36,2.3121,P,K,isononyl acrylate,CC(C)CCCCCCOC(=O)C=C,PubChemPy,CC(C)CCCCCCOC(=O)C=C,isononyl acrylate,C=CC(=O)OCCCCCCC(C)C,198.30599999999998,14.154427138857143,8,0,26.3,0,2
477,FL_38,2.3205,P,K,heptadecyl acrylate,CCCCCCCCCCCCCCCCCOC(=O)C=C,PubChemPy,CCCCCCCCCCCCCCCCCOC(=O)C=C,heptadecyl acrylate,C=CC(=O)OCCCCCCCCCCCCCCCCC,310.52200000000005,14.103962747999999,17,0,26.3,0,2
478,FL_39,2.3184,T,K,henicosyl acrylate,"CCCCCCCCCCCCCCCCCCCCCOC(=O)C=
C",PubChemPy,CCCCCCCCCCCCCCCCCCCCCOC(=O)C=C,henicosyl acrylate,C=CC(=O)OCCCCCCCCCCCCCCCCCCCCC,366.6300000000002,14.090376181230768,21,0,26.3,0,2
479,KE_01,2.4594,T,L,n-hexadecyl methacrylate,CCCCCCCCCCCCCCCCOC(=O)C(C)=C,ChemAxon,CCCCCCCCCCCCCCCCOC(=O)C(C)=C,n-hexadecyl methacrylate,C=C(C)C(=O)OCCCCCCCCCCCCCCCC,310.522,14.103962747999999,16,0,26.3,0,2
480,KE_02,2.4609,T,L,diethylaminoethyl methacrylate,CCN(CC)CCOC(=O)C(=C)C,PubChemPy,CCN(CC)CCOC(=O)C(=C)C,diethylaminoethyl methacrylate,C=C(C)C(=O)OCCN(CC)CC,185.26699999999997,14.241659911384614,6,0,29.54,0,3
481,KE_07,2.5944,T,L,"N,N-diisopropylacrylamide",CC(C)N(C(C)C)C(=O)C=C,PubChemPy,CC(C)N(C(C)C)C(=O)C=C,"N,N-diisopropylacrylamide",C=CC(=O)N(C(C)C)C(C)C,155.24099999999999,14.102819469454545,3,0,20.310000000000002,0,1
482,KE_08,2.3711,T,L,"5,5,5-trifluoro-3-oxapentyl acrylate",FC(F)(F)COCCOC(=O)C=C,ChemAxon,FC(F)(F)COCCOC(=O)C=C,"5,5,5-trifluoro-3-oxapentyl acrylate",C=CC(=O)OCCOCC(F)(F)F,198.13999999999996,15.234644523692308,5,0,35.53,0,3
483,KE_09,2.4564,P,L,"1H,1H,7H-dodecafluoroheptyl
methacrylate","CC(=C)C(=O)OCC(C(C(C(C(C(F)F)(F)F)(F)F
)(F)F)(F)F)(F)F",PubChemPy,CC(=C)C(=O)OCC(C(C(C(C(C(F)F)(F)F)(F)F)(F)F)(F)F)(F)F,"1H,1H,7H-dodecafluoroheptylmethacrylate",C=C(C)C(=O)OCC(F)(F)C(F)(F)C(F)(F)C(F)(F)C(F)(F)C(F)F,400.1589999999999,16.00133072544,8,0,26.3,0,2
484,KE_11,2.6365,T,L,N-tert-Butylmethacrylamide,CC(=C)C(=O)NC(C)(C)C,ChemAxon,CC(=C)C(=O)NC(C)(C)C,N-tert-Butylmethacrylamide,C=C(C)C(=O)NC(C)(C)C,141.21399999999997,14.11153641,1,0,29.1,1,1
485,WL07_03,2.5911,T,M,N-sec-butylacrylamide,CCC(C)NC(=O)C=C,PubChemPy,CCC(C)NC(=O)C=C,N-sec-butylacrylamide,C=CC(=O)NC(C)CC,127.18699999999998,14.122190448444444,3,0,29.1,1,1
486,WL07_04,2.6031,T,M,N-tert-butylacrylamide,CC(C)(C)NC(=O)C=C,PubChemPy,CC(C)(C)NC(=O)C=C,N-tert-butylacrylamide,C=CC(=O)NC(C)(C)C,127.18699999999998,14.122190448444444,1,0,29.1,1,1
487,WL07_05,2.5224,T,M,"N,N-dibutylacrylamide",CCCCN(CCCC)C(=O)C=C,PubChemPy,CCCCN(CCCC)C(=O)C=C,"N,N-dibutylacrylamide",C=CC(=O)N(CCCC)CCCC,183.29499999999996,14.089408791692307,7,0,20.310000000000002,0,1
488,WL07_07,2.4472,T,M,N-dodecylacrylamide,CCCCCCCCCCCCNC(=O)C=C,PubChemPy,CCCCCCCCCCCCNC(=O)C=C,N-dodecylacrylamide,C=CC(=O)NCCCCCCCCCCCC,239.4029999999999,14.072053796941177,12,0,29.1,1,1
489,WL07_08,2.4955,P,M,N-isodecylacrylamide,CC(C)CCCCCCCNC(=O)C=C,ChemAxon,CC(C)CCCCCCCNC(=O)C=C,N-isodecylacrylamide,C=CC(=O)NCCCCCCCC(C)C,211.34899999999996,14.079574294666665,9,0,29.1,1,1
490,WL07_09,2.5366,T,M,N-isohexylacrylamide,CC(C)CCCNC(=O)C=C,ChemAxon,CC(C)CCCNC(=O)C=C,N-isohexylacrylamide,C=CC(=O)NCCCC(C)C,155.24099999999999,14.102819469454545,5,0,29.1,1,1
491,WL07_10,2.5119,T,M,N-isononylacrylamide,CC(C)CCCCCCNC(=O)C=C,ChemAxon,CC(C)CCCCCCNC(=O)C=C,N-isononylacrylamide,C=CC(=O)NCCCCCCC(C)C,197.32199999999997,14.084140311142857,8,0,29.1,1,1
492,WL07_11,2.5302,T,M,N-isoctylacrylamide,CC(C)CCCCCNC(=O)C=C,ChemAxon,CC(C)CCCCCNC(=O)C=C,N-isoctylacrylamide,C=CC(=O)NCCCCCC(C)C,183.295,14.089408791692307,7,0,29.1,1,1
493,WL07_12,2.6053,P,M,N-isopropylacrylamide,CC(C)NC(=O)C=C,PubChemPy,CC(C)NC(=O)C=C,N-isopropylacrylamide,C=CC(=O)NC(C)C,113.15999999999998,14.1355079965,2,0,29.1,1,1
494,WL07_13,2.5798,T,M,N-(1-methylbutyl)acrylamide,CCCC(C)NC(=O)C=C,ChemAxon,CCCC(C)NC(=O)C=C,N-(1-methylbutyl)acrylamide,C=CC(=O)NC(C)CCC,141.214,14.11153641,4,0,29.1,1,1
495,WL07_14,2.6561,P,M,N-methyl-N-phenylacrylamide,CN(C1=CC=CC=C1)C(=O)C=C,PubChemPy,CN(C1=CC=CC=C1)C(=O)C=C,N-methyl-N-phenylacrylamide,C=CC(=O)N(C)c1ccccc1,161.204,13.423671997666666,2,1,20.310000000000002,0,1
496,WL07_16,2.2095,T,M,N-octadecylacrylamide,CCCCCCCCCCCCCCCCCCNC(=O)C=C,PubChemPy,CCCCCCCCCCCCCCCCCCNC(=O)C=C,N-octadecylacrylamide,C=CC(=O)NCCCCCCCCCCCCCCCCCC,323.56500000000005,14.057339779652175,18,0,29.1,1,1
497,WL07_17,2.5809,P,M,N-piperidylacrylamide,C=CC(=O)NN1CCCCC1,ChemAxon,C=CC(=O)NN1CCCCC1,N-piperidylacrylamide,C=CC(=O)NN1CCCCC1,154.213,14.010055733454545,2,0,32.34,1,2
498,WL07_18,2.6749,T,M,4-carboxyphenylmethacrylamide,CC(=C)C(=O)NC1=CC=C(C=C1)C(O)=O,ChemAxon,CC(=C)C(=O)NC1=CC=C(C=C1)C(O)=O,4-carboxyphenylmethacrylamide,C=C(C)C(=O)Nc1ccc(C(=O)O)cc1,205.21299999999997,13.6715928808,3,1,66.4,2,2
499,WL07_19,2.6444,P,M,"4-
ethoxycarbonylphenylmethacrylamide",CCOC(=O)C1=CC=C(NC(=O)C(C)=C)C=C1,ChemAxon,CCOC(=O)C1=CC=C(NC(=O)C(C)=C)C=C1,4-ethoxycarbonylphenylmethacrylamide,C=C(C)C(=O)Nc1ccc(C(=O)OCC)cc1,233.26699999999994,13.712070196470588,4,1,55.400000000000006,1,3
500,WL07_20,2.6561,T,M,"4-
methoxycarbonylphenylmethacrylamid
e",COC(=O)C1=CC=C(NC(=O)C(C)=C)C=C1,ChemAxon,COC(=O)C1=CC=C(NC(=O)C(C)=C)C=C1,4-methoxycarbonylphenylmethacrylamide,C=C(C)C(=O)Nc1ccc(C(=O)OC)cc1,219.23999999999995,13.69309645475,3,1,55.400000000000006,1,3
501,WL09_001,2.4456,T,N,benzyl acrylate,C=CC(=O)OCC1=CC=CC=C1,PubChemPy,C=CC(=O)OCC1=CC=CC=C1,benzyl acrylate,C=CC(=O)OCc1ccccc1,162.188,13.505673296666666,3,1,26.3,0,2
502,WL09_002,2.5832,T,N,4-biphenyl acrylate,C=CC(=O)Oc1ccc(cc1)c1ccccc1,ChemAxon,C=CC(=O)Oc1ccc(cc1)c1ccccc1,4-biphenyl acrylate,C=CC(=O)Oc1ccc(-c2ccccc2)cc1,224.25900000000001,13.181395860235295,3,2,26.3,0,2
503,WL09_004,2.3979,T,N,sec-butyl acrylate,CCC(C)OC(=O)C=C,PubChemPy,CCC(C)OC(=O)C=C,sec-butyl acrylate,C=CC(=O)OC(C)CC,128.17099999999996,14.231525513777777,3,0,26.3,0,2
504,WL09_005,2.5378,T,N,2-tertbutylphenyl acrylate,CC(C)(C)C1=C(OC(=O)C=C)C=CC=C1,ChemAxon,CC(C)(C)C1=C(OC(=O)C=C)C=CC=C1,2-tertbutylphenyl acrylate,C=CC(=O)Oc1ccccc1C(C)(C)C,204.26899999999995,13.607668650133332,2,1,26.3,0,2
505,WL09_006,2.5366,P,N,4-tertbutylphenyl acrylate,CC(C)(C)C1=CC=C(OC(=O)C=C)C=C1,ChemAxon,CC(C)(C)C1=CC=C(OC(=O)C=C)C=C1,4-tertbutylphenyl acrylate,C=CC(=O)Oc1ccc(C(C)(C)C)cc1,204.26899999999998,13.607668650133332,2,1,26.3,0,2
506,WL09_007,2.5132,P,N,2-chlorophenyl acrylate,ClC1=C(OC(=O)C=C)C=CC=C1,ChemAxon,ClC1=C(OC(=O)C=C)C=CC=C1,2-chlorophenyl acrylate,C=CC(=O)Oc1ccccc1Cl,182.60599999999997,15.167788095333334,2,1,26.3,0,2
507,WL09_008,2.5198,T,N,4-chlorophenyl acrylate,C=CC(=O)OC1=CC=C(C=C1)Cl,PubChemPy,C=CC(=O)OC1=CC=C(C=C1)Cl,4-chlorophenyl acrylate,C=CC(=O)Oc1ccc(Cl)cc1,182.606,15.167788095333334,2,1,26.3,0,2
508,WL09_010,2.5105,P,N,2-cyanoisobutyl acrylate,CC(C)(COC(=O)C=C)C#N,ChemAxon,CC(C)(COC(=O)C=C)C#N,2-cyanoisobutyl acrylate,C=CC(=O)OCC(C)(C)C#N,153.18099999999998,13.916270781090908,3,0,50.09,0,3
509,WL09_011,2.4425,P,N,2-cyanoethyl acrylate,C=CC(=O)OCCC#N,PubChemPy,C=CC(=O)OCCC#N,2-cyanoethyl acrylate,C=CC(=O)OCCC#N,125.127,13.894186496,3,0,50.09,0,3
510,WL09_012,2.5539,T,N,2-cyanohexyl acrylate,CCCCC(COC(=O)C=C)C#N,ChemAxon,CCCCC(COC(=O)C=C)C#N,2-cyanohexyl acrylate,C=CC(=O)OCC(C#N)CCCC,181.23499999999996,13.931559901538462,6,0,50.09,0,3
511,WL09_013,2.5599,T,N,4-cyanophenyl acrylate,C=CC(=O)OC1=CC=C(C=C1)C#N,PubChemPy,C=CC(=O)OC1=CC=C(C=C1)C#N,4-cyanophenyl acrylate,C=CC(=O)Oc1ccc(C#N)cc1,173.171,13.311359881846155,2,1,50.09,0,3
512,WL09_014,2.5302,T,N,2-cyanoisopropyl acrylate,CC(C)(OC(=O)C=C)C#N,ChemAxon,CC(C)(OC(=O)C=C)C#N,2-cyanoisopropyl acrylate,C=CC(=O)OC(C)(C)C#N,139.15399999999997,13.9063328528,2,0,50.09,0,3
513,WL09_015,2.4116,P,N,"1,3-dimethylbutyl acrylate",CC(C)CC(C)OC(=O)C=C,PubChemPy,CC(C)CC(C)OC(=O)C=C,"1,3-dimethylbutyl acrylate",C=CC(=O)OC(C)CC(C)C,156.22499999999997,14.192275432,4,0,26.3,0,2
514,WL09_016,2.4314,T,N,dodecyl acrylate,CCCCCCCCCCCCOC(=O)C=C,PubChemPy,CCCCCCCCCCCCOC(=O)C=C,dodecyl acrylate,C=CC(=O)OCCCCCCCCCCCC,240.38699999999992,14.12993706682353,12,0,26.3,0,2
515,WL09_017,2.4814,P,N,2-ethoxyl-carbonyl-phenyl acrylate,CCOC(=O)C1=C(OC(=O)C=C)C=CC=C1,ChemAxon,CCOC(=O)C1=C(OC(=O)C=C)C=CC=C1,2-ethoxyl-carbonyl-phenyl acrylate,C=CC(=O)Oc1ccccc1C(=O)OCC,220.22399999999993,13.754597429,4,1,52.60000000000001,0,4
516,WL09_018,2.4728,T,N,3-ethoxyl-carbonyl-phenyl acrylate,CCOC(=O)C1=CC=CC(OC(=O)C=C)=C1,ChemAxon,CCOC(=O)C1=CC=CC(OC(=O)C=C)=C1,3-ethoxyl-carbonyl-phenyl acrylate,C=CC(=O)Oc1cccc(C(=O)OCC)c1,220.22399999999993,13.754597429,4,1,52.60000000000001,0,4
517,WL09_019,2.3385,P,N,3-ethoxypropyl acrylate,CCOCCCOC(=O)C=C,ChemAxon,CCOCCCOC(=O)C=C,3-ethoxypropyl acrylate,C=CC(=O)OCCCOCC,158.19699999999997,14.372208573454545,6,0,35.53,0,3
518,WL09_021,2.4594,T,N,fluromethyl acrylate,FCOC(=O)C=C,ChemAxon,FCOC(=O)C=C,fluromethyl acrylate,C=CC(=O)OCF,104.08,14.861051088571429,2,0,26.3,0,2
519,WL09_022,2.3856,T,N,"1H,1H-heptafluorobutyl acrylate",C=CC(=O)OCC(C(C(F)(F)F)(F)F)(F)F,PubChemPy,C=CC(=O)OCC(C(C(F)(F)F)(F)F)(F)F,"1H,1H-heptafluorobutyl acrylate",C=CC(=O)OCC(F)(F)C(F)(F)C(F)(F)F,254.10099999999994,15.87611105875,4,0,26.3,0,2
520,WL09_023,2.3385,T,N,"2,2,3,3,5,5,5-heptafluoro-4-oxapentyl
acrylate",FC(F)(F)OC(F)(F)C(F)(F)COC(=O)C=C,ChemAxon,FC(F)(F)OC(F)(F)C(F)(F)COC(=O)C=C,"2,2,3,3,5,5,5-heptafluoro-4-oxapentylacrylate",C=CC(=O)OCC(F)(F)C(F)(F)OC(F)(F)F,270.09999999999997,15.883099503529412,5,0,35.53,0,3
521,WL09_024,2.4518,T,N,heptafluoro-2-propyl acrylate,C=CC(=O)OC(C(F)(F)F)(C(F)(F)F)F,PubChemPy,C=CC(=O)OC(C(F)(F)F)(C(F)(F)F)F,heptafluoro-2-propyl acrylate,C=CC(=O)OC(F)(C(F)(F)F)C(F)(F)F,240.07399999999993,16.000141791733334,2,0,26.3,0,2
522,WL09_026,2.4886,T,N,hexadecyl acrylate,CCCCCCCCCCCCCCCCOC(=O)C=C,PubChemPy,CCCCCCCCCCCCCCCCOC(=O)C=C,hexadecyl acrylate,C=CC(=O)OCCCCCCCCCCCCCCCC,296.495,14.108168113904762,16,0,26.3,0,2
523,WL09_029,2.3324,T,N,6-cyano-4-thiahexyl acrylate,C=CC(=O)OCCCSCCC#N,ChemAxon,C=CC(=O)OCCCSCCC#N,6-cyano-4-thiahexyl acrylate,C=CC(=O)OCCCSCCC#N,199.27499999999998,15.312823050461539,7,0,50.09,0,4
524,WL09_030,2.3365,P,N,3-methoxybutyl acrylate,CC(CCOC(=O)C=C)OC,PubChemPy,CC(CCOC(=O)C=C)OC,3-methoxybutyl acrylate,C=CC(=O)OCCC(C)OC,158.19699999999997,14.372208573454545,5,0,35.53,0,3
525,WL09_031,2.4928,T,N,3-methoxycarbonylphenyl acrylate,COC(=O)C1=CC=CC(OC(=O)C=C)=C1,ChemAxon,COC(=O)C1=CC=CC(OC(=O)C=C)=C1,3-methoxycarbonylphenyl acrylate,C=CC(=O)Oc1cccc(C(=O)OC)c1,206.19699999999995,13.737193920000001,3,1,52.60000000000001,0,4
526,WL09_032,2.5315,T,N,4-methoxycarbonylphenyl acrylate,COC(=O)C1=CC=C(OC(=O)C=C)C=C1,ChemAxon,COC(=O)C1=CC=C(OC(=O)C=C)C=C1,4-methoxycarbonylphenyl acrylate,C=CC(=O)Oc1ccc(C(=O)OC)cc1,206.19699999999997,13.737193920000001,3,1,52.60000000000001,0,4
527,WL09_033,2.5105,T,N,4-methoxyphenyl acrylate,COC1=CC=C(OC(=O)C=C)C=C1,ChemAxon,COC1=CC=C(OC(=O)C=C)C=C1,4-methoxyphenyl acrylate,C=CC(=O)Oc1ccc(OC)cc1,178.18699999999998,13.69715339846154,3,1,35.53,0,3
528,WL09_034,2.2967,T,N,3-methoxypropyl acrylate,COCCCOC(=O)C=C,PubChemPy,COCCCOC(=O)C=C,3-methoxypropyl acrylate,C=CC(=O)OCCCOC,144.17,14.4078644244,5,0,35.53,0,3
529,WL09_035,2.382,T,N,2-methylbutyl acrylate,CCC(C)COC(=O)C=C,PubChemPy,CCC(C)COC(=O)C=C,2-methylbutyl acrylate,C=CC(=O)OCC(C)CC,142.19799999999998,14.2099379688,4,0,26.3,0,2
530,WL09_037,2.3711,T,N,2-methylpentyl acrylate,CCCC(C)COC(=O)C=C,PubChemPy,CCCC(C)COC(=O)C=C,2-methylpentyl acrylate,C=CC(=O)OCC(C)CCC,156.22499999999997,14.192275432,5,0,26.3,0,2
531,WL09_038,2.5539,T,N,2-naphthyl acrylate,C=CC(=O)OC1=CC2=CC=CC=C2C=C1,PubChemPy,C=CC(=O)OC1=CC2=CC=CC=C2C=C1,2-naphthyl acrylate,C=CC(=O)Oc1ccc2ccccc2c1,198.221,13.204538637333334,2,2,26.3,0,2
532,WL09_039,2.3502,T,N,"1H,1H-nonafluoro-4-oxahexyl acrylate",FC(F)(F)C(F)(F)OC(F)(F)C(F)(F)COC(=O)C=C,ChemAxon,FC(F)(F)C(F)(F)OC(F)(F)C(F)(F)COC(=O)C=C,"1H,1H-nonafluoro-4-oxahexyl acrylate",C=CC(=O)OCC(F)(F)C(F)(F)OC(F)(F)C(F)(F)F,320.1069999999999,16.0004749,6,0,35.53,0,3
533,WL09_040,2.3729,T,N,"1H,1H-nonafluoropentyl acrylate",FC(F)(F)C(F)(F)C(F)(F)C(F)(F)COC(=O)C=C,ChemAxon,FC(F)(F)C(F)(F)C(F)(F)C(F)(F)COC(=O)C=C,"1H,1H-nonafluoropentyl acrylate",C=CC(=O)OCC(F)(F)C(F)(F)C(F)(F)C(F)(F)F,304.10799999999995,16.000767546315792,5,0,26.3,0,2
534,WL09_041,2.3766,T,N,"1H,1H,5H-octafluoropentyl acrylate",C=CC(=O)OCC(C(C(C(F)F)(F)F)(F)F)(F)F,PubChemPy,C=CC(=O)OCC(C(C(C(F)F)(F)F)(F)F)(F)F,"1H,1H,5H-octafluoropentyl acrylate",C=CC(=O)OCC(F)(F)C(F)(F)C(F)(F)C(F)F,286.11799999999994,15.890222510666668,6,0,26.3,0,2
535,WL09_042,2.3927,T,N,"1H,1H-pentafluoropropyl acrylate",C=CC(=O)OCC(C(F)(F)F)(F)F,PubChemPy,C=CC(=O)OCC(C(F)(F)F)(F)F,"1H,1H-pentafluoropropyl acrylate",C=CC(=O)OCC(F)(F)C(F)(F)F,204.09399999999997,15.693920807692308,3,0,26.3,0,2
536,WL09_043,2.4265,T,N,3-pentyl acrylate,CCCCCC=CC([O-])=O,ChemAxon,CCCCCC=CC([O-])=O,3-pentyl acrylate,CCCCCC=CC(=O)[O-],141.18999999999997,14.109210323591,5,0,40.129999999999995,0,2
537,WL09_044,2.4314,T,N,phenylethyl acrylate,C=CC(=O)OCCC1=CC=CC=C1,ChemAxon,C=CC(=O)OCCC1=CC=CC=C1,phenylethyl acrylate,C=CC(=O)OCCc1ccccc1,176.215,13.54490227876923,4,1,26.3,0,2
538,WL09_045,2.3729,P,N,propyl acrylate,CCCOC(=O)C=C,PubChemPy,CCCOC(=O)C=C,propyl acrylate,C=CC(=O)OCCC,114.14399999999999,14.258509945,3,0,26.3,0,2
539,WL09_046,2.4728,P,N,tetradecyl acrylate,CCCCCCCCCCCCCCOC(=O)C=C,PubChemPy,CCCCCCCCCCCCCCOC(=O)C=C,tetradecyl acrylate,C=CC(=O)OCCCCCCCCCCCCCC,268.4409999999999,14.117906856,14,0,26.3,0,2
540,WL09_047,2.3997,T,N,"4,4,5,5-tetrafluoro-3-oxapentyl acrylate",FC(F)C(F)(F)OCCOC(=O)C=C,ChemAxon,FC(F)C(F)(F)OCCOC(=O)C=C,"4,4,5,5-tetrafluoro-3-oxapentyl acrylate",C=CC(=O)OCCOC(F)(F)C(F)F,216.12999999999997,15.431496928285714,6,0,35.53,0,3
541,WL09_048,2.3284,T,N,3-thiabutyl acrylate,CSCCOC(=O)C=C,ChemAxon,CSCCOC(=O)C=C,3-thiabutyl acrylate,C=CC(=O)OCCSC,146.21099999999998,16.226683395555554,4,0,26.3,0,3
542,WL09_049,2.3075,P,N,5-thiahexyl acrylate,CSCCCCOC(=O)C=C,ChemAxon,CSCCCCOC(=O)C=C,5-thiahexyl acrylate,C=CC(=O)OCCCCSC,174.265,15.824677335272726,6,0,26.3,0,3
543,WL09_050,2.3054,T,N,3-thiapentyl acrylate,CCSCCOC(=O)C=C,ChemAxon,CCSCCOC(=O)C=C,3-thiapentyl acrylate,C=CC(=O)OCCSCC,160.23799999999997,16.0055800624,5,0,26.3,0,3
544,WL09_051,2.4742,T,N,m-tolyl acrylate,CC1=CC=CC(OC(=O)C=C)=C1,ChemAxon,CC1=CC=CC(OC(=O)C=C)=C1,m-tolyl acrylate,C=CC(=O)Oc1cccc(C)c1,162.18799999999996,13.505673296666666,2,1,26.3,0,2
545,WL09_052,2.5119,P,N,o-tolyl acrylate,CC1=C(OC(=O)C=C)C=CC=C1,ChemAxon,CC1=C(OC(=O)C=C)C=CC=C1,o-tolyl acrylate,C=CC(=O)Oc1ccccc1C,162.18799999999996,13.505673296666666,2,1,26.3,0,2
546,WL09_055,2.3118,T,N,"1H,1H-tridecafluoro-4-oxaoctyl
acrylate","FC(F)(F)C(F)(F)C(F)(F)C(F)(F)OC(F)(F)C(F)(
F)COC(=O)C=C",ChemAxon,FC(F)(F)C(F)(F)C(F)(F)C(F)(F)OC(F)(F)C(F)(F)COC(=O)C=C,"1H,1H-tridecafluoro-4-oxaoctylacrylate",C=CC(=O)OCC(F)(F)C(F)(F)OC(F)(F)C(F)(F)C(F)(F)C(F)(F)F,420.1209999999999,16.15396580307692,8,0,35.53,0,3
547,WL09_056,2.3692,T,N,"1H,1H-undecafluorohexyl acrylate","FC(F)(F)C(F)(F)C(F)(F)C(F)(F)C(F)(F)COC(=
O)C=C",ChemAxon,FC(F)(F)C(F)(F)C(F)(F)C(F)(F)C(F)(F)COC(=O)C=C,"1H,1H-undecafluorohexyl acrylate",C=CC(=O)OCC(F)(F)C(F)(F)C(F)(F)C(F)(F)C(F)(F)F,354.11499999999995,16.09142681,6,0,26.3,0,2
548,WL09_057,2.3483,T,N,5-cyano-3-thiapentyl acrylate,C=CC(=O)OCCSCCC#N,ChemAxon,C=CC(=O)OCCSCCC#N,5-cyano-3-thiapentyl acrylate,C=CC(=O)OCCSCCC#N,185.24799999999996,15.420920799333333,6,0,50.09,0,4
549,WL09_058,2.4564,T,N,4-butoxycarbonylphenyl acrylate,CCCCOC(=O)C1=CC=C(C=C1)OC(=O)C=C,PubChemPy,CCCCOC(=O)C1=CC=C(C=C1)OC(=O)C=C,4-butoxycarbonylphenyl acrylate,C=CC(=O)Oc1ccc(C(=O)OCCCC)cc1,248.27799999999993,13.783603277333334,6,1,52.60000000000001,0,4
550,WL09_059,2.5224,P,N,"2,4-dichlorophenyl acrylate",C=CC(=O)OC1=C(C=C(C=C1)Cl)Cl,PubChemPy,C=CC(=O)OC1=C(C=C(C=C1)Cl)Cl,"2,4-dichlorophenyl acrylate",C=CC(=O)Oc1ccc(Cl)cc1Cl,217.051,16.613421907076923,2,1,26.3,0,2
551,WL09_060,2.3674,T,N,4-cyanobutyl acrylate,C=CC(=O)OCCCCC#N,ChemAxon,C=CC(=O)OCCCCC#N,4-cyanobutyl acrylate,C=CC(=O)OCCCCC#N,153.181,13.916270781090908,5,0,50.09,0,3
552,WL09_061,2.3979,P,N,5-cyano-3-oxapentyl acrylate,C=CC(=O)OCCOCCC#N,ChemAxon,C=CC(=O)OCCOCCC#N,5-cyano-3-oxapentyl acrylate,C=CC(=O)OCCOCCC#N,169.17999999999998,14.089491101,6,0,59.32,0,4
553,WL09_062,2.5051,T,N,3-dimethylaminophenyl acrylate,CN(C)C1=CC=CC(OC(=O)C=C)=C1,ChemAxon,CN(C)C1=CC=CC(OC(=O)C=C)=C1,3-dimethylaminophenyl acrylate,C=CC(=O)Oc1cccc(N(C)C)c1,191.22999999999996,13.649616332571428,3,1,29.54,0,3
554,WL09_063,2.4914,P,N,4-ethoxyl-carbonyl-phenyl acrylate,CCOC(=O)C1=CC=C(OC(=O)C=C)C=C1,ChemAxon,CCOC(=O)C1=CC=C(OC(=O)C=C)C=C1,4-ethoxyl-carbonyl-phenyl acrylate,C=CC(=O)Oc1ccc(C(=O)OCC)cc1,220.22399999999996,13.754597429,4,1,52.60000000000001,0,4
555,WL09_065,2.3483,T,N,2-ethylbutyl acrylate,CCC(CC)COC(=O)C=C,PubChemPy,CCC(CC)COC(=O)C=C,2-ethylbutyl acrylate,C=CC(=O)OCC(CC)CC,156.22499999999997,14.192275432,5,0,26.3,0,2
556,WL09_066,2.3579,P,N,"5,5,6,6,7,7,7-heptafluoro-3-oxaheptyl
acrylate",FC(F)(F)C(F)(F)C(F)(F)COCCOC(=O)C=C,ChemAxon,FC(F)(F)C(F)(F)C(F)(F)COCCOC(=O)C=C,"5,5,6,6,7,7,7-heptafluoro-3-oxaheptylacrylate",C=CC(=O)OCCOCC(F)(F)C(F)(F)C(F)(F)F,298.15399999999994,15.68652587831579,7,0,35.53,0,3
557,WL09_068,2.3997,T,N,"1H,1H,3H-hexaflurobutyl acrylate",FC(C(F)(F)F)C(F)(F)COC(=O)C=C,ChemAxon,FC(C(F)(F)F)C(F)(F)COC(=O)C=C,"1H,1H,3H-hexaflurobutyl acrylate",C=CC(=O)OCC(F)(F)C(F)C(F)(F)F,236.11099999999996,15.735146583466667,4,0,26.3,0,2
558,WL09_070,2.5038,T,N,2-methoxycarbonylphenyl acrylate,COC(=O)C1=CC=CC=C1OC(=O)C=C,PubChemPy,COC(=O)C1=CC=CC=C1OC(=O)C=C,2-methoxycarbonylphenyl acrylate,C=CC(=O)Oc1ccccc1C(=O)OC,206.19699999999995,13.737193920000001,3,1,52.60000000000001,0,4
559,WL09_073,2.3324,T,N,nonyl acrylate,CCCCCCCCCOC(=O)C=C,PubChemPy,CCCCCCCCCOC(=O)C=C,nonyl acrylate,C=CC(=O)OCCCCCCCCC,198.30599999999995,14.154427138857143,9,0,26.3,0,2
560,WL09_074,2.3345,T,N,n-pentyl acrylate,CCCCCOC(=O)C=C,PubChemPy,CCCCCOC(=O)C=C,n-pentyl acrylate,C=CC(=O)OCCCCC,142.198,14.2099379688,5,0,26.3,0,2
561,WL09_076,2.3674,P,N,"7,7,8,8-tetrafluoro-3,6-dioxaoctylacrylate",FC(F)C(F)(F)OCCOCCOC(=O)C=C,ChemAxon,FC(F)C(F)(F)OCCOCCOC(=O)C=C,"7,7,8,8-tetrafluoro-3,6-dioxaoctylacrylate",C=CC(=O)OCCOCCOC(F)(F)C(F)F,260.18299999999994,15.298068926117647,9,0,44.760000000000005,0,4
562,WL09_077,2.2945,P,N,4-thiahexyl acrylate,CCSCCCOC(=O)C=C,ChemAxon,CCSCCCOC(=O)C=C,4-thiahexyl acrylate,C=CC(=O)OCCCSCC,174.265,15.824677335272726,6,0,26.3,0,3
563,WL09_078,2.3181,T,N,4-thiapentyl acrylate,CSCCCOC(=O)C=C,ChemAxon,CSCCCOC(=O)C=C,4-thiapentyl acrylate,C=CC(=O)OCCCSC,160.238,16.0055800624,5,0,26.3,0,3
564,WL09_079,2.4997,T,N,p-tolyl acrylate,CC1=CC=C(OC(=O)C=C)C=C1,ChemAxon,CC1=CC=C(OC(=O)C=C)C=C1,p-tolyl acrylate,C=CC(=O)Oc1ccc(C)cc1,162.188,13.505673296666666,2,1,26.3,0,2
565,WL09_080,2.3304,T,N,8-cyano-7-thiaoctyl acrylate,C=CC(=O)OCCCCCCSCC#N,ChemAxon,C=CC(=O)OCCCCCCSCC#N,8-cyano-7-thiaoctyl acrylate,C=CC(=O)OCCCCCCSCC#N,227.32899999999998,15.139866652266667,9,0,50.09,0,4
566,WL09_081,2.5899,T,N,2-cyanoheptyl acrylate,CCCCCC(COC(=O)C=C)C#N,ChemAxon,CCCCCC(COC(=O)C=C)C#N,2-cyanoheptyl acrylate,C=CC(=O)OCC(C#N)CCCCC,195.26199999999994,13.937566341714286,7,0,50.09,0,3
567,WL09_082,2.5694,P,N,4-benzoylstyrene,C=CC1=CC=C(C=C1)C(=O)C1=CC=CC=C1,ChemAxon,C=CC1=CC=C(C=C1)C(=O)C1=CC=CC=C1,4-benzoylstyrene,C=Cc1ccc(C(=O)c2ccccc2)cc1,208.26000000000002,13.00555093775,3,2,17.07,0,1
568,WL09_083,2.5302,P,N,2-butoxycarbonylstyrene,CCCCOC(=O)C1=C(C=C)C=CC=C1,ChemAxon,CCCCOC(=O)C1=C(C=C)C=CC=C1,2-butoxycarbonylstyrene,C=Cc1ccccc1C(=O)OCCCC,204.26899999999992,13.607668650133332,5,1,26.3,0,2
569,WL09_084,2.5428,T,N,4-butoxycarbonylstyrene,CCCCOC(=O)C1=CC=C(C=C)C=C1,ChemAxon,CCCCOC(=O)C1=CC=C(C=C)C=C1,4-butoxycarbonylstyrene,C=Cc1ccc(C(=O)OCCCC)cc1,204.26899999999995,13.607668650133332,5,1,26.3,0,2
570,WL09_087,2.5403,T,N,4-butyrylstyrene,CCCC(=O)C1=CC=C(C=C1)C=C,PubChemPy,CCCC(=O)C1=CC=C(C=C1)C=C,4-butyrylstyrene,C=Cc1ccc(C(=O)CCC)cc1,174.243,13.392651159076923,4,1,17.07,0,1
571,WL09_088,2.574,P,N,4-diethylcarbamoylstyrene,CCN(CC)C(=O)C1=CC=C(C=C)C=C1,ChemAxon,CCN(CC)C(=O)C1=CC=C(C=C)C=C1,4-diethylcarbamoylstyrene,C=Cc1ccc(C(=O)N(CC)CC)cc1,203.28499999999997,13.542067610933334,4,1,20.310000000000002,0,1
572,WL09_089,2.5647,T,N,4-ethoxycarbonylstyrene,CCOC(=O)C1=CC=C(C=C)C=C1,ChemAxon,CCOC(=O)C1=CC=C(C=C)C=C1,4-ethoxycarbonylstyrene,C=Cc1ccc(C(=O)OCC)cc1,176.21499999999997,13.54490227876923,3,1,26.3,0,2
573,WL09_090,2.5403,T,N,2-ethoxymethylstyrene,CCOCC1=C(C=C)C=CC=C1,ChemAxon,CCOCC1=C(C=C)C=CC=C1,2-ethoxymethylstyrene,C=Cc1ccccc1COCC,162.23199999999997,13.508705422333334,4,1,9.23,0,1
574,WL09_091,2.5551,T,N,4-ethoxymethylstyrene,CCOCC1=CC=C(C=C)C=C1,ChemAxon,CCOCC1=CC=C(C=C)C=C1,4-ethoxymethylstyrene,C=Cc1ccc(COCC)cc1,162.232,13.508705422333334,4,1,9.23,0,1
575,WL09_092,2.5302,T,N,4-hexanoylstyrene,CCCCCC(=O)C1=CC=C(C=C1)C=C,PubChemPy,CCCCCC(=O)C1=CC=C(C=C1)C=C,4-hexanoylstyrene,C=Cc1ccc(C(=O)CCCCC)cc1,202.29699999999997,13.475717679733332,6,1,17.07,0,1
576,WL09_093,2.5024,T,N,2-hexyloxycarbonylstyrene,CCCCCCOC(=O)C1=C(C=C)C=CC=C1,ChemAxon,CCCCCCOC(=O)C1=C(C=C)C=CC=C1,2-hexyloxycarbonylstyrene,C=Cc1ccccc1C(=O)OCCCCCC,232.3229999999999,13.655666463529412,7,1,26.3,0,2
577,WL09_094,2.5302,T,N,4-hexyloxycarbonylstyrene,CCCCCCOC(=O)C1=CC=C(C=C)C=C1,ChemAxon,CCCCCCOC(=O)C1=CC=C(C=C)C=C1,4-hexyloxycarbonylstyrene,C=Cc1ccc(C(=O)OCCCCCC)cc1,232.32299999999992,13.655666463529412,7,1,26.3,0,2
578,WL09_095,2.5038,T,N,4-isobutoxycarbonylstyrene,CCC(O)COCC1=CC=C(C=C)C=C1,ChemAxon,CCC(O)COCC1=CC=C(C=C)C=C1,4-isobutoxycarbonylstyrene,C=Cc1ccc(COCC(O)CC)cc1,206.285,13.742045321066666,6,1,29.46,1,2
579,WL09_097,2.5599,T,N,4-isobutoxycarbonylstyrene,CC(C)COC(=O)C1=CC=C(C=C)C=C1,ChemAxon,CC(C)COC(=O)C1=CC=C(C=C)C=C1,4-isobutoxycarbonylstyrene,C=Cc1ccc(C(=O)OCC(C)C)cc1,204.26899999999998,13.607668650133332,4,1,26.3,0,2
580,WL09_098,2.5328,T,N,2-isopentyloxycarbonylstyrene,CC(C)CCOC(=O)C1=C(C=C)C=CC=C1,ChemAxon,CC(C)CCOC(=O)C1=C(C=C)C=CC=C1,2-isopentyloxycarbonylstyrene,C=Cc1ccccc1C(=O)OCCC(C)C,218.29599999999994,13.6331674885,5,1,26.3,0,2
581,WL09_099,2.5453,T,N,2-isopentyloxymethylstyrene,CC(C)CCOCC1=C(C=C)C=CC=C1,ChemAxon,CC(C)CCOCC1=C(C=C)C=CC=C1,2-isopentyloxymethylstyrene,C=Cc1ccccc1COCCC(C)C,204.31299999999996,13.610094350666666,6,1,9.23,0,1
582,WL09_100,2.5658,T,N,4-isopropoxycarbonylstyrene,CC(C)OC(=O)C1=CC=C(C=C)C=C1,ChemAxon,CC(C)OC(=O)C1=CC=C(C=C)C=C1,4-isopropoxycarbonylstyrene,C=Cc1ccc(C(=O)OC(C)C)cc1,190.242,13.578527120571428,3,1,26.3,0,2
583,WL09_101,2.5575,T,N,2-isopropoxymethylstyrene,CC(C)OCC1=C(C=C)C=CC=C1,ChemAxon,CC(C)OCC1=C(C=C)C=CC=C1,2-isopropoxymethylstyrene,C=Cc1ccccc1COC(C)C,176.259,13.547701164,4,1,9.23,0,1
584,WL09_103,2.5092,T,N,4-octanoylstyrene,CCCCCCCC(=O)C1=CC=C(C=C)C=C1,ChemAxon,CCCCCCCC(=O)C1=CC=C(C=C)C=C1,4-octanoylstyrene,C=Cc1ccc(C(=O)CCCCCCC)cc1,230.35099999999994,13.539239136705882,8,1,17.07,0,1
585,WL09_104,2.5453,T,N,4-phenylacetylstyrene,"C=CC1=CC=C(C=C1)C(=O)CC1=CC=CC=C
1",ChemAxon,C=CC1=CC=C(C=C1)C(=O)CC1=CC=CC=C1,4-phenylacetylstyrene,C=Cc1ccc(C(=O)Cc2ccccc2)cc1,222.28700000000003,13.064968533411765,4,2,17.07,0,1
586,WL09_105,2.5623,T,N,4-propoxycarbonylstyrene,CCCOC(=O)C1=CC=C(C=C)C=C1,ChemAxon,CCCOC(=O)C1=CC=C(C=C)C=C1,4-propoxycarbonylstyrene,C=Cc1ccc(C(=O)OCCC)cc1,190.24199999999996,13.578527120571428,4,1,26.3,0,2
587,WL09_107,2.5705,T,N,4-p-toluoylostyrene,Cc1ccc(cc1)C(=O)c1ccc(C=C)cc1,Reference,Cc1ccc(cc1)C(=O)c1ccc(C=C)cc1,4-p-toluoylostyrene,C=Cc1ccc(C(=O)c2ccc(C)cc2)cc1,222.287,13.064968533411765,3,2,17.07,0,1
588,WL09_108,2.5353,T,N,4-valerylstyrene,CCCCC(=O)C1=CC=C(C=C1)C=C,PubChemPy,CCCCC(=O)C1=CC=C(C=C1)C=C,4-valerylstyrene,C=Cc1ccc(C(=O)CCCC)cc1,188.26999999999998,13.437151080857143,5,1,17.07,0,1
589,WL09_109,2.5752,T,N,4-p-anisoylstyrene,COC1=CC=C(C=C1)C(=O)C1=CC=C(C=C)C=C1,ChemAxon,COC1=CC=C(C=C1)C(=O)C1=CC=C(C=C)C=C1,4-p-anisoylstyrene,C=Cc1ccc(C(=O)c2ccc(OC)cc2)cc1,238.286,13.227743316,4,2,26.3,0,2
590,WL09_110,2.5611,T,N,4-(1-hydroxy-1-methylhexyl)styrene,CCCCCC(C)(O)C1=CC=C(C=C)C=C1,ChemAxon,CCCCCC(C)(O)C1=CC=C(C=C)C=C1,4-(1-hydroxy-1-methylhexyl)styrene,C=Cc1ccc(C(C)(O)CCCCC)cc1,218.33999999999995,13.63544158275,6,1,20.23,1,1
591,WL09_113,2.5717,T,N,4-phenoxystyrene,C=CC1=CC=C(C=C1)OC2=CC=CC=C2,PubChemPy,C=CC1=CC=C(C=C1)OC2=CC=CC=C2,4-phenoxystyrene,C=Cc1ccc(Oc2ccccc2)cc1,196.24900000000002,13.072587666933334,3,2,9.23,0,1
592,WL06_01,2.6314,T,O,4-cyanophenyl methacrylate,CC(=C)C(=O)OC1=CC=C(C=C1)C#N,PubChemPy,CC(=C)C(=O)OC1=CC=C(C=C1)C#N,4-cyanophenyl methacrylate,C=C(C)C(=O)Oc1ccc(C#N)cc1,187.19799999999998,13.36166632342857,2,1,50.09,0,3
593,WL06_04,2.5786,T,O,4-methoxycarbonylphenyl methacrylate,COC(=O)C1=CC=C(OC(=O)C(C)=C)C=C1,ChemAxon,COC(=O)C1=CC=C(OC(=O)C(C)=C)C=C1,4-methoxycarbonylphenyl methacrylate,C=C(C)C(=O)Oc1ccc(C(=O)OC)cc1,220.22399999999996,13.754597429,3,1,52.60000000000001,0,4
594,WL06_06,2.5694,T,O,4-tertbutylphenyl methacrylate,CC(=C)C(=O)OC1=CC=C(C=C1)C(C)(C)C,ChemAxon,CC(=C)C(=O)OC1=CC=C(C=C1)C(C)(C)C,4-tertbutylphenyl methacrylate,C=C(C)C(=O)Oc1ccc(C(C)(C)C)cc1,218.29599999999996,13.6331674885,2,1,26.3,0,2
595,WL06_11,2.549,T,O,"1,1,1-trifluoro-2-propyl methacrylate",CC(OC(=O)C(C)=C)C(F)(F)F,ChemAxon,CC(OC(=O)C(C)=C)C(F)(F)F,"1,1,1-trifluoro-2-propyl methacrylate",C=C(C)C(=O)OC(C)C(F)(F)F,182.14099999999993,15.171288682333333,2,0,26.3,0,2
596,WL06_13,2.5403,T,O,2-cyanoethyl methacrylate,CC(=C)C(=O)OCCC#N,PubChemPy,CC(=C)C(=O)OCCC#N,2-cyanoethyl methacrylate,C=C(C)C(=O)OCCC#N,139.15399999999997,13.9063328528,3,0,50.09,0,3
597,WL06_15,2.5224,T,O,sec-butyl methacrylate,CCC(C)OC(=O)C(=C)C,PubChemPy,CCC(C)OC(=O)C(=C)C,sec-butyl methacrylate,C=C(C)C(=O)OC(C)CC,142.19799999999998,14.2099379688,3,0,26.3,0,2
598,WL06_16,2.5172,T,O,phenylethyl methacrylate,CC(=C)C(=O)OCCC1=CC=CC=C1,PubChemPy,CC(=C)C(=O)OCCC1=CC=CC=C1,phenylethyl methacrylate,C=C(C)C(=O)OCCc1ccccc1,190.24200000000002,13.578527120571428,4,1,26.3,0,2
599,WL06_19,2.5119,T,O,2-bromoethyl methacrylate,CC(=C)C(=O)OCCBr,PubChemPy,CC(=C)C(=O)OCCBr,2-bromoethyl methacrylate,C=C(C)C(=O)OCCBr,193.03999999999996,21.330954625333334,3,0,26.3,0,2
600,WL06_23,2.4728,T,O,2-methoxyethyl methacrylate,CC(=C)C(=O)OCCOC,PubChemPy,CC(=C)C(=O)OCCOC,2-methoxyethyl methacrylate,C=C(C)C(=O)OCCOC,144.17,14.4078644244,4,0,35.53,0,3
601,WL06_26,2.4518,P,O,pentyl methacrylate,CCCCCOC(=O)C(=C)C,PubChemPy,CCCCCOC(=O)C(=C)C,pentyl methacrylate,C=C(C)C(=O)OCCCCC,156.22499999999997,14.192275432,5,0,26.3,0,2
602,WL06_30,2.3674,T,O,tetradecyl methacrylate,CCCCCCCCCCCCCCOC(=O)C(=C)C,PubChemPy,CCCCCCCCCCCCCCOC(=O)C(=C)C,tetradecyl methacrylate,C=C(C)C(=O)OCCCCCCCCCCCCCC,282.4679999999999,14.112794016399999,14,0,26.3,0,2
603,WL06_32,2.3075,T,O,decyl methacrylate,CCCCCCCCCCOC(=O)C(=C)C,PubChemPy,CCCCCCCCCCOC(=O)C(=C)C,decyl methacrylate,C=C(C)C(=O)OCCCCCCCCCC,226.3599999999999,14.1370800045,10,0,26.3,0,2
604,JAM_01,2.5529,T,P,"3,5,5-trimethylcyclohexylamine",CC1CC(N)CC(C)(C)C1,ChemAxon,CC1CC(N)CC(C)(C)C1,"3,5,5-trimethylcyclohexylamine",CC1CC(N)CC(C)(C)C1,141.25799999999998,14.1151749608,0,0,26.02,1,1
605,JAM_02,2.5541,P,P,aniline,C1=CC=C(C=C1)N,PubChemPy,C1=CC=C(C=C1)N,aniline,Nc1ccccc1,93.12899999999999,13.293978460571427,0,1,26.02,1,1
606,JAM_03,2.6265,T,P,"1,3-bisaminomethylcyclohexane",NCC1CCCC(CN)C1,ChemAxon,NCC1CCCC(CN)C1,"1,3-bisaminomethylcyclohexane",NCC1CCCC(CN)C1,142.24599999999998,14.2146998576,2,0,52.04,2,2
607,JAM_04,2.6416,T,P,isophorone diamine,CC1(CC(CC(C1)(C)CN)N)C,PubChemPy,CC1(CC(CC(C1)(C)CN)N)C,isophorone diamine,CC1(C)CC(N)CC(C)(CN)C1,170.29999999999998,14.181524891999999,1,0,52.04,2,2
608,JAM_05,2.6416,T,P,"4,4'-methylenebis(2,6-diethylaniline","CCC1=CC(=CC(=C1N)CC)CC2=CC(=C(C(=
C2)CC)N)CC",PubChemPy,CCC1=CC(=CC(=C1N)CC)CC2=CC(=C(C(=C2)CC)N)CC,"4,4'-methylenebis(2,6-diethylaniline",CCc1cc(Cc2cc(CC)c(N)c(CC)c2)cc(CC)c1N,310.48500000000007,13.488734737391303,6,2,52.04,2,2
609,JAM_06,2.6456,T,P,"2,2'-bis(4-(4-
aminophenoxy)phenyl)propane","CC(C)(c1ccc(cc1)Oc1ccc(cc1)N)c1ccc(cc1)Oc
1ccc(cc1)N",Reference,CC(C)(c1ccc(cc1)Oc1ccc(cc1)N)c1ccc(cc1)Oc1ccc(cc1)N,"2,2'-bis(4-(4-aminophenoxy)phenyl)propane",CC(C)(c1ccc(Oc2ccc(N)cc2)cc1)c1ccc(Oc2ccc(N)cc2)cc1,410.51700000000017,13.232239615225806,6,4,70.5,2,4
610,JAM_07,2.6458,P,P,meta-phenylene diamine,C1=CC(=CC(=C1)N)N,PubChemPy,C1=CC(=CC(=C1)N)N,meta-phenylene diamine,Nc1cccc(N)c1,108.144,13.508593531999999,0,1,52.04,2,2
611,JAM_08,2.6485,P,P,"4,4'-methylenebis(3-chloro-2,6-
diethylaniline","CCC1=CC(=C(C(=C1N)CC)Cl)CC2=C(C(=C(
C(=C2)CC)N)CC)Cl",PubChemPy,CCC1=CC(=C(C(=C1N)CC)Cl)CC2=C(C(=C(C(=C2)CC)N)CC)Cl,"4,4'-methylenebis(3-chloro-2,6-diethylaniline",CCc1cc(Cc2cc(CC)c(N)c(CC)c2Cl)c(Cl)c(CC)c1N,379.37500000000017,15.126518170239999,6,2,52.04,2,2
612,JAM_09,2.6562,T,P,"trimethylene glycol di-p-
aminobenzoate",c1cc(ccc1C(=O)OCCCOC(=O)c1ccc(cc1)N)N,Reference,c1cc(ccc1C(=O)OCCCOC(=O)c1ccc(cc1)N)N,trimethylene glycol di-p-aminobenzoate,Nc1ccc(C(=O)OCCCOC(=O)c2ccc(N)cc2)cc1,314.341,13.657680741565217,6,2,104.64,2,6
613,JAM_10,2.6591,T,P,"4,4'-diaminodiphenyl methane",C1=CC(=CC=C1CC2=CC=C(C=C2)N)N,PubChemPy,C1=CC(=CC=C1CC2=CC=C(C=C2)N)N,"4,4'-diaminodiphenyl methane",Nc1ccc(Cc2ccc(N)cc2)cc1,198.269,13.207713229866666,2,2,52.04,2,2
614,JAM_11,2.6591,P,P,"bis(4-(4-aminophenoxyl)phenyl)
sulfone","Nc1ccc(Oc2ccc(cc2)S(=O)(=O)c2ccc(Oc3ccc(
N)cc3)cc2)cc1",Reference,Nc1ccc(Oc2ccc(cc2)S(=O)(=O)c2ccc(Oc3ccc(N)cc3)cc2)cc1,bis(4-(4-aminophenoxyl)phenyl)sulfone,Nc1ccc(Oc2ccc(S(=O)(=O)c3ccc(Oc4ccc(N)cc4)cc3)cc2)cc1,432.50100000000015,13.939173487741936,6,4,104.64,2,6
615,JAM_12,2.6601,T,P,"3,3'-diaminodiphenyl sulfone","C1=CC(=CC(=C1)S(=O)(=O)C2=CC=CC(=C
2)N)N",PubChemPy,C1=CC(=CC(=C1)S(=O)(=O)C2=CC=CC(=C2)N)N,"3,3'-diaminodiphenyl sulfone",Nc1cccc(S(=O)(=O)c2cccc(N)c2)c1,248.30700000000002,14.591879330823529,2,2,86.18,2,4
616,JAM_13,2.6939,T,P,"4,4'-diaminodiphenyl sulfone",C1=CC(=CC=C1N)S(=O)(=O)C2=CC=C(C=C2)N,PubChemPy,C1=CC(=CC=C1N)S(=O)(=O)C2=CC=C(C=C2)N,"4,4'-diaminodiphenyl sulfone",Nc1ccc(S(=O)(=O)c2ccc(N)cc2)cc1,248.30700000000002,14.591879330823529,2,2,86.18,2,4
617,JFP_06,2.5172,T,Q,vinyl isobutyral,CC(C)C(=O)OC=C,Reference,CC(C)C(=O)OC=C,vinyl isobutyral,C=COC(=O)C(C)C,114.14399999999998,14.258509945,2,0,26.3,0,2
618,JFP_49,2.4757,P,Q,1-phenylethyl methacrylate,CC(OC(=O)C(C)=C)C1=CC=CC=C1,ChemAxon,CC(OC(=O)C(C)=C)C1=CC=CC=C1,1-phenylethyl methacrylate,C=C(C)C(=O)OC(C)c1ccccc1,190.242,13.578527120571428,3,1,26.3,0,2
619,JFP_53,2.5328,T,Q,trimethylsilyl methacrylate,CC(=C)C(=O)O[Si](C)(C)C,PubChemPy,CC(=C)C(=O)O[Si](C)(C)C,trimethylsilyl methacrylate,C=C(C)C(=O)O[Si](C)(C)C,158.27299999999997,15.807630621800001,2,0,26.3,0,2
620,JFP_54,2.5999,P,Q,"2,3-xylenyl methacrylate",CC(=C)C(=O)OC1=C(C)C(C)=CC=C1,ChemAxon,CC(=C)C(=O)OC1=C(C)C(C)=CC=C1,"2,3-xylenyl methacrylate",C=C(C)C(=O)Oc1cccc(C)c1C,190.24199999999996,13.578527120571428,2,1,26.3,0,2
621,JFP_55,2.6435,T,Q,"2,6-xylenyl methacrylate",CC(=C)C(=O)OC1=C(C)C=CC=C1C,ChemAxon,CC(=C)C(=O)OC1=C(C)C=CC=C1C,"2,6-xylenyl methacrylate",C=C(C)C(=O)Oc1c(C)cccc1C,190.242,13.578527120571428,2,1,26.3,0,2
622,JFP_56,2.5453,T,Q,cyclobutyl methacrylate,CC(=C)C(=O)OC1CCC1,ChemAxon,CC(=C)C(=O)OC1CCC1,cyclobutyl methacrylate,C=C(C)C(=O)OC1CCC1,140.18199999999996,14.0083729624,2,0,26.3,0,2
623,JFP_57,2.5416,T,Q,cyclopentyl methacrylate,CC(=C)C(=O)OC1CCCC1,ChemAxon,CC(=C)C(=O)OC1CCCC1,cyclopentyl methacrylate,C=C(C)C(=O)OC1CCCC1,154.20899999999995,14.009034517090909,2,0,26.3,0,2
624,JFP_59,2.4378,T,Q,"3,3,5-trimethylhexylmethacrylate",CC(C)CC(C)(C)CCC=C(C)C([O-])=O,ChemAxon,CC(C)CC(C)(C)CCC=C(C)C([O-])=O,"3,3,5-trimethylhexylmethacrylate",CC(=CCCC(C)(C)CC(C)C)C(=O)[O-],211.325,14.078023570394,6,0,40.129999999999995,0,2
625,JFP_60,2.3181,T,Q,2-decyl methacrylate,CCCCCCCCC(C)OC(=O)C(C)=C,ChemAxon,CCCCCCCCC(C)OC(=O)C(C)=C,2-decyl methacrylate,C=C(C)C(=O)OC(C)CCCCCCCC,226.3599999999999,14.1370800045,9,0,26.3,0,2
626,XLY08_001,2.5899,T,R,4-acetylstyrene,CC(=O)C1=CC=C(C=C1)C=C,PubChemPy,CC(=O)C1=CC=C(C=C1)C=C,4-acetylstyrene,C=Cc1ccc(C(C)=O)cc1,146.189,13.279378630909092,2,1,17.07,0,1
627,XLY08_002,2.5378,T,R,2-benzoyloxymethylstyrene,"C=CC1=C(COC(=O)C2=CC=CC=C2)C=CC=
C1",ChemAxon,C=CC1=C(COC(=O)C2=CC=CC=C2)C=CC=C1,2-benzoyloxymethylstyrene,C=Cc1ccccc1COC(=O)c1ccccc1,238.286,13.227743316,4,2,26.3,0,2
628,XLY08_004,2.5079,T,R,5-bromo-2-pentyloxy styrene,CCCCCOC1=C(C=C)C=C(Br)C=C1,ChemAxon,CCCCCOC1=C(C=C)C=C(Br)C=C1,5-bromo-2-pentyloxy styrene,C=Cc1cc(Br)ccc1OCCCCC,269.18199999999996,17.8697518176,6,1,9.23,0,1
629,XLY08_005,2.5145,T,R,5-bromo-2-propoxystyrene,CCCOC1=C(C=C)C=C(Br)C=C1,ChemAxon,CCCOC1=C(C=C)C=C(Br)C=C1,5-bromo-2-propoxystyrene,C=Cc1cc(Br)ccc1OCCC,241.12799999999996,18.462690548923078,4,1,9.23,0,1
630,XLY08_008,2.4955,T,R,4-(sec-butoxymethyl)styrene,CCC(C)OCC1=CC=C(C=C)C=C1,ChemAxon,CCC(C)OCC1=CC=C(C=C)C=C1,4-(sec-butoxymethyl)styrene,C=Cc1ccc(COC(C)CC)cc1,190.28599999999997,13.58112608542857,5,1,9.23,0,1
631,XLY08_010,2.5563,T,R,5-tert-butyl-2-methystyrene,CC1=C(C=C)C=C(C=C1)C(C)(C)C,ChemAxon,CC1=C(C=C)C=C(C=C1)C(C)(C)C,5-tert-butyl-2-methystyrene,C=Cc1cc(C(C)(C)C)ccc1C,174.287,13.395450044307692,1,1,0.0,0,0
632,XLY08_033,2.6365,T,R,2-hydroxymethystyrene,OCC1=C(C=C)C=CC=C1,ChemAxon,OCC1=C(C=C)C=CC=C1,2-hydroxymethystyrene,C=Cc1ccccc1CO,134.178,13.407316494,2,1,20.23,1,1
633,XLY08_034,2.616,T,R,4-hydroxymethystyrene,OCC1=CC=C(C=C)C=C1,ChemAxon,OCC1=CC=C(C=C)C=C1,4-hydroxymethystyrene,C=Cc1ccc(CO)cc1,134.178,13.407316494,2,1,20.23,1,1
634,XLY08_035,2.6365,T,R,4-hydroxystyrene,C=CC1=CC=C(C=C1)O,PubChemPy,C=CC1=CC=C(C=C1)O,4-hydroxystyrene,C=Cc1ccc(O)cc1,120.15099999999997,13.339723875111112,1,1,20.23,1,1
635,XLY08_045,2.6646,T,R,2-methaminocarbonylstyrene,CNC(=O)C1=C(C=C)C=CC=C1,ChemAxon,CNC(=O)C1=C(C=C)C=CC=C1,2-methaminocarbonylstyrene,C=Cc1ccccc1C(=O)NC,161.20399999999998,13.423671997666666,2,1,29.1,1,1
636,XLY08_050,2.5988,T,R,2-phenoxycarbonylstyrene,"C=CC1=C(C=CC=C1)C(=O)OC1=CC=CC=C
1",ChemAxon,C=CC1=C(C=CC=C1)C(=O)OC1=CC=CC=C1,2-phenoxycarbonylstyrene,C=Cc1ccccc1C(=O)Oc1ccccc1,224.259,13.181395860235295,3,2,26.3,0,2
637,XLY08_053,2.5877,T,R,4-piperidinocarbonylstyrene,C=CC1=CC=C(C=C1)C(=O)N1CCCCC1,ChemAxon,C=CC1=CC=C(C=C1)C(=O)N1CCCCC1,4-piperidinocarbonylstyrene,C=Cc1ccc(C(=O)N2CCCCC2)cc1,215.29599999999994,13.44568838525,2,1,20.310000000000002,0,1
638,XLY08_055,2.5682,T,R,2-propoxymethylstyrene,CCCOCC1=C(C=C)C=CC=C1,ChemAxon,CCCOCC1=C(C=C)C=CC=C1,2-propoxymethylstyrene,C=Cc1ccccc1COCCC,176.25899999999996,13.547701164,5,1,9.23,0,1
639,XLY08_060,2.6618,T,R,4-(1-hydroxy-1-methylpropyl)styrene,CCC(C)(O)C1=CC=C(C=C)C=C1,ChemAxon,CCC(C)(O)C1=CC=C(C=C)C=C1,4-(1-hydroxy-1-methylpropyl)styrene,C=Cc1ccc(C(C)(O)CC)cc1,176.259,13.547701164,3,1,20.23,1,1
640,XLY08_063,2.6117,T,R,"2,4,5-trimethylstyrene",CC1=CC(=C(C=C1C)C=C)C,PubChemPy,CC1=CC(=C(C=C1C)C=C)C,"2,4,5-trimethylstyrene",C=Cc1cc(C)c(C)cc1C,146.23299999999998,13.282686404363636,1,1,0.0,0,0
641,XLY08_090,2.4928,P,R,3-methoxycarbonylphenyl acrylate,COC(=O)C1=CC=CC(OC(=O)C=C)=C1,ChemAxon,COC(=O)C1=CC=CC(OC(=O)C=C)=C1,3-methoxycarbonylphenyl acrylate,C=CC(=O)Oc1cccc(C(=O)OC)c1,206.19699999999995,13.737193920000001,3,1,52.60000000000001,0,4
642,XLY08_096,2.4031,T,R,2-methyl-7-ethyl-4-undecyl acrylate,CCCCC(CC)CCC(CC(C)C)OC(=O)C=C,ChemAxon,CCCCC(CC)CCC(CC(C)C)OC(=O)C=C,2-methyl-7-ethyl-4-undecyl acrylate,C=CC(=O)OC(CCC(CC)CCCC)CC(C)C,268.4409999999999,14.117906856,11,0,26.3,0,2
643,XLY08_098,2.4698,T,R,neopentyl acrylate,CC(C)(C)COC(=O)C=C,PubChemPy,CC(C)(C)COC(=O)C=C,neopentyl acrylate,C=CC(=O)OCC(C)(C)C,142.19799999999998,14.2099379688,2,0,26.3,0,2
644,XLY08_118,2.6314,P,R,5-cyanophenyl methacrylate,CC(=C)C(=O)OC1=CC=CC(=C1)C#N,ChemAxon,CC(=C)C(=O)OC1=CC=CC(=C1)C#N,5-cyanophenyl methacrylate,C=C(C)C(=O)Oc1cccc(C#N)c1,187.19799999999998,13.36166632342857,2,1,50.09,0,3
645,XLY08_120,2.5132,T,R,cyclooctylmethyl methacrylate,CC(=C)C(=O)OCC1CCCCCCC1,ChemAxon,CC(=C)C(=O)OCC1CCCCCCC1,cyclooctylmethyl methacrylate,C=C(C)C(=O)OCC1CCCCCCC1,210.3169999999999,14.010798662933333,3,0,26.3,0,2
646,XLY08_126,2.5051,P,R,5-bromo-2-butoxystyrene,CCCCOC1=C(C=C)C=C(Br)C=C1,ChemAxon,CCCCOC1=C(C=C)C=C(Br)C=C1,5-bromo-2-butoxystyrene,C=Cc1cc(Br)ccc1OCCCC,255.15499999999994,18.1450448,5,1,9.23,0,1
647,XLY08_127,2.5478,T,R,5-bromo-2-ethoxystyrene,CCOC1=C(C=C(C=C1)Br)C=C,PubChemPy,CCOC1=C(C=C(C=C1)Br)C=C,5-bromo-2-ethoxystyrene,C=Cc1cc(Br)ccc1OCC,227.10099999999997,18.833277256,3,1,9.23,0,1
648,XLY08_128,2.5551,T,R,5-bromo-2-methoxystyrene,COC1=C(C=C)C=C(Br)C=C1,ChemAxon,COC1=C(C=C)C=C(Br)C=C1,5-bromo-2-methoxystyrene,C=Cc1cc(Br)ccc1OC,213.07399999999998,19.271243364363638,2,1,9.23,0,1
649,XLY08_130,2.5315,P,R,2-butoxymethylstyrene,CCCCOCC1=C(C=C)C=CC=C1,ChemAxon,CCCCOCC1=C(C=C)C=CC=C1,2-butoxymethylstyrene,C=Cc1ccccc1COCCCC,190.28599999999994,13.58112608542857,6,1,9.23,0,1
650,XLY08_132,2.6532,T,R,2-carboxystyrene,OC(=O)C1=C(C=C)C=CC=C1,ChemAxon,OC(=O)C1=C(C=C)C=CC=C1,2-carboxystyrene,C=Cc1ccccc1C(=O)O,148.16099999999997,13.459311772363636,2,1,37.3,1,1
651,XLY08_134,2.5999,T,R,4-dimethylaminocarbonylstyrene,CN(C)C(=O)C1=CC=C(C=C)C=C1,ChemAxon,CN(C)C(=O)C1=CC=C(C=C)C=C1,4-dimethylaminocarbonylstyrene,C=Cc1ccc(C(=O)N(C)C)cc1,175.231,13.469208772,2,1,20.310000000000002,0,1
652,XLY08_135,2.5717,T,R,"4-(2-
dimethylaminoethoxycarbonyl)styrene",CN(C)CCOC(=O)C1=CC=C(C=C)C=C1,ChemAxon,CN(C)CCOC(=O)C1=CC=C(C=C)C=C1,4-(2-dimethylaminoethoxycarbonyl)styrene,C=Cc1ccc(C(=O)OCCN(C)C)cc1,219.28399999999996,13.695370549,5,1,29.54,0,3
653,XLY08_139,2.5999,T,R,3-hydroxymethylstyrene,OCC1=CC=CC(C=C)=C1,ChemAxon,OCC1=CC=CC(C=C)=C1,3-hydroxymethylstyrene,C=Cc1cccc(CO)c1,134.178,13.407316494,2,1,20.23,1,1
654,XLY08_140,2.5587,P,R,2-methoxymethylstyrene,COCC1=CC=CC=C1C=C,PubChemPy,COCC1=CC=CC=C1C=C,2-methoxymethylstyrene,C=Cc1ccccc1COC,148.20499999999998,13.462619545818182,3,1,9.23,0,1
655,XLY08_143,2.5051,T,R,2-pentyloxymethylstyrene,CCCCCOCC1=C(C=C)C=CC=C1,ChemAxon,CCCCCOCC1=C(C=C)C=CC=C1,2-pentyloxymethylstyrene,C=Cc1ccccc1COCCCCC,204.31299999999993,13.610094350666666,7,1,9.23,0,1
656,XLY08_144,2.5263,T,R,2-phenethyloxymethylstyrene,C=CC1=C(COCCC2=CC=CC=C2)C=CC=C1,ChemAxon,C=CC1=C(COCCC2=CC=CC=C2)C=CC=C1,2-phenethyloxymethylstyrene,C=Cc1ccccc1COCCc1ccccc1,238.32999999999998,13.22976473311111,6,2,9.23,0,1
657,XLY08_145,2.574,T,R,4-propionylstyrene,CCC(=O)C1=CC=C(C=C)C=C1,ChemAxon,CCC(=O)C1=CC=C(C=C)C=C1,4-propionylstyrene,C=Cc1ccc(C(=O)CC)cc1,160.216,13.340734583666666,3,1,17.07,0,1
658,XLY08_150,2.6385,T,R,"2,4-diisopropylstyrene",CC(C)C1=CC(=C(C=C1)C=C)C(C)C,PubChemPy,CC(C)C1=CC(=C(C=C1)C=C)C(C)C,"2,4-diisopropylstyrene",C=Cc1ccc(C(C)C)cc1C(C)C,188.314,13.439750045714286,3,1,0.0,0,0
659,XLY08_151,2.6444,T,R,"2,5-diisopropylstyrene",CC(C)C1=CC(=C(C=C1)C(C)C)C=C,PubChemPy,CC(C)C1=CC(=C(C=C1)C(C)C)C=C,"2,5-diisopropylstyrene",C=Cc1cc(C(C)C)ccc1C(C)C,188.314,13.439750045714286,3,1,0.0,0,0
660,XLY08_153,2.6053,T,R,4-(1-hydroxy-1-methylbutyl) styrene,CCCC(C)(O)C1=CC=C(C=C)C=C1,ChemAxon,CCCC(C)(O)C1=CC=C(C=C)C=C1,4-(1-hydroxy-1-methylbutyl) styrene,C=Cc1ccc(C(C)(O)CCC)cc1,190.28599999999997,13.58112608542857,4,1,20.23,1,1
661,XLY08_154,2.6415,P,R,4-(1-hydroxy-1-methylethyl) styrene,CC(C)(O)C1=CC=C(C=C)C=C1,ChemAxon,CC(C)(O)C1=CC=C(C=C)C=C1,4-(1-hydroxy-1-methylethyl) styrene,C=Cc1ccc(C(C)(C)O)cc1,162.232,13.508705422333334,2,1,20.23,1,1
662,XLY08_182,2.4116,T,R,"1H,1H,9H-hexadecafluorononyl
methacrylate","CC(=C)C(=O)OCC(C(C(C(C(C(C(C(F)F)(F)F)
(F)F)(F)F)(F)F)(F)F)(F)F)(F)F",PubChemPy,CC(=C)C(=O)OCC(C(C(C(C(C(C(C(F)F)(F)F)(F)F)(F)F)(F)F)(F)F)(F)F)(F)F,"1H,1H,9H-hexadecafluorononylmethacrylate",C=C(C)C(=O)OCC(F)(F)C(F)(F)C(F)(F)C(F)(F)C(F)(F)C(F)(F)C(F)(F)C(F)F,500.1729999999999,16.1298993876129,10,0,26.3,0,2
663,XLY08_184,2.4472,T,R,3-oxa-5-hydroxypentyl methacrylate,CC(=C)C(=O)OCCOCCO,ChemAxon,CC(=C)C(=O)OCCOCCO,3-oxa-5-hydroxypentyl methacrylate,C=C(C)C(=O)OCCOCCO,174.19599999999997,14.507434077333334,6,0,55.760000000000005,1,4
664,XLY08_186,2.5999,T,R,"3,3,5-trimethylcyclohexyl methacrylate",CC1CC(CC(C1)(C)C)OC(=O)C(=C)C,PubChemPy,CC1CC(CC(C1)(C)C)OC(=O)C(=C)C,"3,3,5-trimethylcyclohexyl methacrylate",C=C(C)C(=O)OC1CC(C)CC(C)(C)C1,210.31699999999992,14.010798662933333,2,0,26.3,0,2
665,XLY08_187,2.4378,T,R,"3,3,5-trimethylhexyl methacrylate",CC(C)CC(C)(C)CCOC(=O)C(C)=C,ChemAxon,CC(C)CC(C)(C)CCOC(=O)C(C)=C,"3,3,5-trimethylhexyl methacrylate",C=C(C)C(=O)OCCC(C)(C)CC(C)C,212.33299999999997,14.145175333866666,6,0,26.3,0,2
666,XLY08_189,2.6031,T,R,4-cyanomethylphenyl methacrylate,CC(=C)C(=O)OC1=CC=C(CC#N)C=C1,ChemAxon,CC(=C)C(=O)OC1=CC=C(CC#N)C=C1,4-cyanomethylphenyl methacrylate,C=C(C)C(=O)Oc1ccc(CC#N)cc1,201.22499999999997,13.405265239466667,3,1,50.09,0,3
667,XLY08_191,2.5198,T,R,cyclodecyl methacrylate,CC(=C)C(=O)OC1CCCCCCCCC1,PubChemPy,CC(=C)C(=O)OC1CCCCCCCCC1,cyclodecyl methacrylate,C=C(C)C(=O)OC1CCCCCCCCC1,224.34399999999988,14.0111018755,2,0,26.3,0,2
668,XLY08_192,2.5172,T,R,cyclododecyl methacrylate,CC(=C)C(=O)OC1CCCCCCCCCCC1,PubChemPy,CC(=C)C(=O)OC1CCCCCCCCCCC1,cyclododecyl methacrylate,C=C(C)C(=O)OC1CCCCCCCCCCC1,252.39799999999985,14.011607229777777,2,0,26.3,0,2
669,NS_001,2.1139,T,S,oxy(diethylsilylene),[SiH](O)(CC)CC,Reference,[SiH](O)(CC)CC,oxy(diethylsilylene),CC[SiH](O)CC,104.225,17.344290255666667,2,0,20.23,1,1
670,NS_003,2.233,T,S,"1,4-butadiene",C=CC=C,ChemAxon,C=CC=C,"1,4-butadiene",C=CC=C,54.09199999999999,13.511737548,1,0,0.0,0,0
671,NS_004,2.238,T,S,dimethylsilylenemethylene,C[Si](=C)C,Reference,C[Si](=C)C,dimethylsilylenemethylene,C=[Si](C)C,72.18299999999999,18.0098816965,0,0,0.0,0,0
672,NS_005,2.2718,T,S,oxy(methylphenylsilylene),C[Si](C)(O)c1ccccc1,Reference,C[Si](C)(O)c1ccccc1,oxy(methylphenylsilylene),C[Si](C)(O)c1ccccc1,152.26899999999998,15.206574153399998,1,1,20.23,1,1
673,NS_016,2.2989,T,S,oxy(methyl g-trifluoropropylsilylene,[SiH](C)(CCC(F)(F)F)O,Reference,[SiH](C)(CCC(F)(F)F)O,oxy(methyl g-trifluoropropylsilylene,C[SiH](O)CCC(F)(F)F,158.195,17.559719566444443,2,0,20.23,1,1
674,NS_017,2.2989,P,S,isobutylene,CC(=C)C,PubChemPy,CC(=C)C,isobutylene,C=C(C)C,56.10799999999999,14.015650063999999,0,0,0.0,0,0
675,NS_018,2.3075,T,S,dimethylsilylenetrimethylene,[SiH](C)(C)CCC,Reference,[SiH](C)(C)CCC,dimethylsilylenetrimethylene,CCC[SiH](C)C,102.25299999999997,17.014412829666668,2,0,0.0,0,0
676,NS_043,2.3483,T,S,1-hexene,CCCCC=C,PubChemPy,CCCCC=C,1-hexene,C=CCCCC,84.16199999999999,14.015650063999999,3,0,0.0,0,0
677,NS_044,2.3483,P,S,1-pentene,CCCC=C,PubChemPy,CCCC=C,1-pentene,C=CCCC,70.13499999999999,14.015650063999999,2,0,0.0,0,0
678,NS_059,2.3856,T,S,(methyl)phenylsilylenetrimethylene,Si(C)(c1ccccc1)CCC,Reference,[Si](C)(c1ccccc1)CCC,(methyl)phenylsilylenetrimethylene,CCC[Si](C)c1ccccc1,163.31599999999997,14.826754728181818,3,1,0.0,0,0
679,NS_067,2.4065,T,S,Perfluoropolymer 2,"c1nc(nc(C(F)(F)C(F)(F)OC(F)(F)(F))n1)C(F)
(F)C(F) (F)C(F) (F)C(F) (F)",Reference,c1nc(nc(C(F)(F)C(F)(F)OC(F)(F)(F))n1)C(F)(F)C(F) (F)C(F) (F)C(F) (F),Perfluoropolymer 2,FCC(F)(F)c1ncnc(C(F)(F)C(F)(F)OC(F)(F)F)n1,347.11199999999997,15.773256541636364,5,1,47.900000000000006,0,4
680,NS_073,2.4265,T,S,"(4-dimethylaminophenyl)
methylsilylenetrimethylene",Si(C)(c1ccc(cc1)N(C)C)CCC,Reference,[Si](C)(c1ccc(cc1)N(C)C)CCC,(4-dimethylaminophenyl)methylsilylenetrimethylene,CCC[Si](C)c1ccc(N(C)C)cc1,206.38499999999996,14.724035797857143,4,1,3.24,0,1
681,NS_079,2.4362,T,S,"oxydiphenylsilyleneoxydimethylsilylene-1,4-phenylenedimethylsilylene",Si(C)(C)c1ccc(cc1)Si(C)(C)OSi(c1ccccc1)(c1ccccc1)O,Reference,[Si](C)(C)c1ccc(cc1)[Si](C)(C)O[Si](c1ccccc1)(c1ccccc1)O,"oxydiphenylsilyleneoxydimethylsilylene-1,4-phenylenedimethylsilylene",C[Si](C)c1ccc([Si](C)(C)O[Si](O)(c2ccccc2)c2ccccc2)cc1,407.714,15.078958692370371,6,3,29.46,1,2
682,NS_100,2.4928,T,S,di(p-tolyl)silylenetrimethylene(4-dimethylaminophenyl),Si(c1ccc (C)cc1)(c1ccc(C)cc1)CCC,Reference,[Si](c1ccc(C)cc1)(c1ccc(C)cc1)CCC,di(p-tolyl)silylenetrimethylene(4-dimethylaminophenyl),CCC[Si](c1ccc(C)cc1)c1ccc(C)cc1,253.44099999999997,14.063402900111111,4,2,0.0,0,0
683,NS_122,2.5119,T,S,"(4-dimethylaminophenyl)
phenylsilylenetrimethylene)",Si(c1ccccc1)(c1ccc(cc1)N(C)C)CCC,Reference,[Si](c1ccccc1)(c1ccc(cc1)N(C)C)CCC,(4-dimethylaminophenyl)phenylsilylenetrimethylene),CCC[Si](c1ccccc1)c1ccc(N(C)C)cc1,268.45599999999996,14.113271117578948,5,2,3.24,0,1
684,NS_126,2.5185,T,S,n-butyl (-chloroacrylate,C(Cl)(C(=O)OCCCC)C,Reference,C(Cl)(C(=O)OCCCC)C,n-butyl (-chloroacrylate,CCCCOC(=O)C(C)Cl,164.63199999999998,16.4060407336,4,0,26.3,0,2
685,NS_135,2.525,P,S,a-caprolactam,C(=O)CCCCCN,Reference,C(=O)CCCCCN,a-caprolactam,NCCCCCC=O,115.17599999999999,14.3874642545,5,0,43.09,1,2
686,NS_138,2.5366,T,S,n-propyl a-chloroacrylate,C(Cl)(C(=O)OCCC)C,Reference,C(Cl)(C(=O)OCCC)C,n-propyl a-chloroacrylate,CCCOC(=O)C(C)Cl,150.60499999999996,16.67163969688889,3,0,26.3,0,2
687,NS_140,2.5378,T,S,vinyl propional,C1CC(OC(O1)CC)C,Reference,C1CC(OC(O1)CC)C,vinyl propional,CCC1OCCC(C)O1,130.18699999999998,14.455486632,1,0,18.46,0,2
688,NS_142,2.5403,P,S,sec-butyl 2-chloropropanoate,CCC(C)OC(=O)C(C)Cl,PubChemPy,CCC(C)OC(=O)C(C)Cl,sec-butyl 2-chloropropanoate,CCC(C)OC(=O)C(C)Cl,164.63199999999998,16.4060407336,3,0,26.3,0,2
689,NS_161,2.5599,P,S,isopropyl 2-chloropropionate,CC(C)OC(=O)C(C)Cl,PubChemPy,CC(C)OC(=O)C(C)Cl,isopropyl 2-chloropropionate,CC(C)OC(=O)C(C)Cl,150.605,16.67163969688889,2,0,26.3,0,2
690,NS_165,2.5599,T,S,"a,a,a,a-tetrafluoro-p-xylylene",c1c(F)c(F)c(c(F)c1(F))CC,Reference,c1c(F)c(F)c(c(F)c1(F))CC,"a,a,a,a-tetrafluoro-p-xylylene",CCc1c(F)c(F)cc(F)c1F,178.12799999999996,14.836713589333334,1,1,0.0,0,0
691,NS_166,2.5599,T,S,m-xylylene adipamide,C(=O)CCCCC(=O)NCc1cc(ccc1)CN,Reference,C(=O)CCCCC(=O)NCc1cc(ccc1)CN,m-xylylene adipamide,NCc1cccc(CNC(=O)CCCCC=O)c1,248.32599999999994,13.786248771111111,8,1,72.19,2,3
692,NS_169,2.5635,T,S,ethyl a-chloroacrylate,C(Cl)(C(=O)OCC)C,Reference,C(Cl)(C(=O)OCC)C,ethyl a-chloroacrylate,CCOC(=O)C(C)Cl,136.57799999999997,17.003638401,2,0,26.3,0,2
693,NS_170,2.5658,T,S,"1,4-cyclohexylidene dimethylene
terephthalate",C(=O)c1ccc(cc1)C(=O)OCCC1CCC(CC1)O,Reference,C(=O)c1ccc(cc1)C(=O)OCCC1CCC(CC1)O,"1,4-cyclohexylidene dimethyleneterephthalate",O=Cc1ccc(C(=O)OCCC2CCC(O)CC2)cc1,276.33199999999994,13.806807956,5,1,63.60000000000001,1,4
694,NS_192,2.5843,T,S,Resin F,"c1cc(ccc1)NC(=O)CCCC(=O)Nc1cc(ccc1)OC
C(O)CO",Reference,c1cc(ccc1)NC(=O)CCCC(=O)Nc1cc(ccc1)OCC(O)CO,Resin F,O=C(CCCC(=O)Nc1cccc(OCC(O)CO)c1)Nc1ccccc1,372.42100000000005,13.784019328444446,10,2,107.89000000000001,4,5
695,NS_196,2.5877,T,S,cyclohexyl a-chloroacrylate,C(Cl)(C(=O)OC1CCCCC1)C,Reference,C(Cl)(C(=O)OC1CCCCC1)C,cyclohexyl a-chloroacrylate,CC(Cl)C(=O)OC1CCCCC1,190.66999999999993,15.839671449999999,2,0,26.3,0,2
696,NS_197,2.5888,T,S,p-xylylene sebacamide,"C1C2=CC=C(CN1C(=O)CCCCCCCCC(=O)N
)C=C2",PubChemPy,C1C2=CC=C(CN1C(=O)CCCCCCCCC(=O)N)C=C2,p-xylylene sebacamide,NC(=O)CCCCCCCCC(=O)N1Cc2ccc(cc2)C1,302.418,13.736337639636362,9,1,63.400000000000006,1,2
697,NS_198,2.5888,T,S,thio bis(4-phenyl)carbonate,C(=O)Oc1ccc(cc1)Sc1ccc(cc1)O,Reference,C(=O)Oc1ccc(cc1)Sc1ccc(cc1)O,thio bis(4-phenyl)carbonate,O=COc1ccc(Sc2ccc(O)cc2)cc1,246.287,14.472650892941177,4,2,46.53,1,4
698,NS_201,2.5911,T,S,phenylmethylsilane,C1=CC=C(C=C1)[CH+][SiH3],PubChemPy,C1=CC=C(C=C1)[CH+][SiH3],phenylmethylsilane,[SiH3][CH+]c1ccccc1,121.23499999999996,15.130850404761249,1,1,0.0,0,0
699,NS_203,2.5933,T,S,"2,2-butane bis{4-(2-
methylphenyl)}carbonate","C(=O)Oc1cc(C)c(cc1)C(C)(CC)c1c(C)cc(cc1)
O",Reference,C(=O)Oc1cc(C)c(cc1)C(C)(CC)c1c(C)cc(cc1)O,"2,2-butane bis{4-(2-methylphenyl)}carbonate",CCC(C)(c1ccc(O)cc1C)c1ccc(OC=O)cc1C,298.382,13.552586116545454,5,2,46.53,1,3
700,NS_206,2.5944,T,S,methacrylonitrile,C(C)(C#N)C,Reference,C(C)(C#N)C,methacrylonitrile,CC(C)C#N,69.107,13.8115698448,0,0,23.79,0,1
701,NS_207,2.5955,T,S,a-p-dimethyl styrene,C(C)(c1ccc(cc1)C)C,Reference,C(C)(c1ccc(cc1)C)C,a-p-dimethyl styrene,Cc1ccc(C(C)C)cc1,134.222,13.4109550448,1,1,0.0,0,0
702,NS_224,2.6138,T,S,"oxycarbonyloxy-2-chloro-1,4-
phenyleneisopropylidene-2-methyl-1,4-
phenylene",C(=O)Oc1c(Cl)cc(cc1)C(C)(C)c1c(C)cc(cc1)O,Reference,C(=O)Oc1c(Cl)cc(cc1)C(C)(C)c1c(C)cc(cc1)O,"oxycarbonyloxy-2-chloro-1,4-phenyleneisopropylidene-2-methyl-1,4-phenylene",Cc1cc(O)ccc1C(C)(C)c1ccc(OC=O)c(Cl)c1,304.773,14.480315337333336,4,2,46.53,1,3
703,NS_227,2.618,T,S,"2,2-butane bis{4-(2-
chlorophenyl)}carbonate","C(=O)Oc1cc(Cl)c(cc1)C(C)(CC)c1c(Cl)cc(cc1
)O",Reference,C(=O)Oc1cc(Cl)c(cc1)C(C)(CC)c1c(Cl)cc(cc1)O,"2,2-butane bis{4-(2-chlorophenyl)}carbonate",CCC(C)(c1ccc(O)cc1Cl)c1ccc(OC=O)cc1Cl,339.21799999999996,15.365802260545452,5,2,46.53,1,3
704,NS_232,2.6222,T,S,"oxycarbonyloxy-2-chloro-1.4-
phenyleneisopropylidene-1,4-
phenylene",C(=O)Oc1c(Cl)cc(cc1)C(C)(C)c1ccc(cc1)O,Reference,C(=O)Oc1c(Cl)cc(cc1)C(C)(C)c1ccc(cc1)O,"oxycarbonyloxy-2-chloro-1.4-phenyleneisopropylidene-1,4-phenylene",CC(C)(c1ccc(O)cc1)c1ccc(OC=O)c(Cl)c1,290.746,14.503548601000002,4,2,46.53,1,3
705,NS_233,2.6222,P,S,"2,2-propane bis{4-(2-chlorophenyl)}carbonate",C(=O)Oc1cc(Cl)c(cc1)C(C)(C)c1c(Cl)cc(cc1)O,Reference,C(=O)Oc1cc(Cl)c(cc1)C(C)(C)c1c(Cl)cc(cc1)O,"2,2-propane bis{4-(2-chlorophenyl)}carbonate",CC(C)(c1ccc(O)cc1Cl)c1ccc(OC=O)cc1Cl,325.19100000000003,15.430095222285715,4,2,46.53,1,3
706,NS_242,2.6284,T,S,"hexafluoropropylene1,1-dichloroethylene bis(4-",C(F)(C(F)(F)(F))C(F)(F),Reference,C(F)(C(F)(F)(F))C(F)(F),"hexafluoropropylene1,1-dichloroethylene bis(4-",FC(F)C(F)C(F)(F)F,152.03699999999998,16.88956326488889,1,0,0.0,0,0
707,NS_243,2.6335,T,S,"1,1-dichloroethylene bis(4-
phenyl)carbonate",C(=O)Oc1ccc(cc1)C(=C(Cl)(Cl))c1ccc(cc1)O,Reference,C(=O)Oc1ccc(cc1)C(=C(Cl)(Cl))c1ccc(cc1)O,"1,1-dichloroethylene bis(4-phenyl)carbonate",O=COc1ccc(C(=C(Cl)Cl)c2ccc(O)cc2)cc1,309.14799999999997,15.400034976999999,4,2,46.53,1,3
708,NS_244,2.6355,T,S,a-vinyl naphthalene,C(c1cccc2ccccc12)C,Reference,C(c1cccc2ccccc12)C,a-vinyl naphthalene,CCc1cccc2ccccc12,156.22799999999998,13.007825032,1,2,0.0,0,0
709,NS_246,2.6365,P,S,methyl a-cyanoacrylate,C(C#N)(C(=O)OC)C,Reference,C(C#N)(C(=O)OC)C,methyl a-cyanoacrylate,COC(=O)C(C)C#N,113.116,14.130959808,1,0,50.09,0,3
710,NS_251,2.6599,T,S,"2,2-(1,3-dichloro-1,1,3,3,-
tetrafluoro)propane bis(4-
phenyl)carbonate","C(=O)Oc1ccc(cc1)C(C(Cl)(F)(F))(C(Cl)(F)(F))
c1ccc(cc1)O",Reference,C(=O)Oc1ccc(cc1)C(C(Cl)(F)(F))(C(Cl)(F)(F))c1ccc(cc1)O,"2,2-(1,3-dichloro-1,1,3,3,-tetrafluoro)propane bis(4-phenyl)carbonate",O=COc1ccc(C(c2ccc(O)cc2)(C(F)(F)Cl)C(F)(F)Cl)cc1,397.15099999999995,15.839772496800002,6,2,46.53,1,3
711,NS_252,2.6618,T,S,"oxycarbonyloxy-2,6-dichloro-1,4-
phenyleneisopropylidene-1,4-
phenylene","C(=O)Oc1c(Cl)cc(cc1(Cl))C(C)(C)c1ccc(cc1)
O",Reference,C(=O)Oc1c(Cl)cc(cc1(Cl))C(C)(C)c1ccc(cc1)O,"oxycarbonyloxy-2,6-dichloro-1,4-phenyleneisopropylidene-1,4-phenylene",CC(C)(c1ccc(O)cc1)c1cc(Cl)c(OC=O)c(Cl)c1,325.19100000000003,15.430095222285715,4,2,46.53,1,3
712,NS_254,2.6749,T,S,"2,2-propane bis{4-(2,6-
dimethylphenyl)}carbonate","C(=O)Oc1cc(C)c(c(C)c1)C(C)(C)c1c(C)cc(cc1
(C))O",Reference,C(=O)Oc1cc(C)c(c(C)c1)C(C)(C)c1c(C)cc(cc1(C))O,"2,2-propane bis{4-(2,6-dimethylphenyl)}carbonate",Cc1cc(O)cc(C)c1C(C)(C)c1c(C)cc(OC=O)cc1C,312.40900000000005,13.572719331652172,4,2,46.53,1,3
713,NS_256,2.6767,T,S,"a,a,a-trifluoro styrene",C(F)(c1ccccc1)C(F)(F),Reference,C(F)(c1ccccc1)C(F)(F),"a,a,a-trifluoro styrene",FC(F)C(F)c1ccccc1,160.138,14.549998625818182,2,1,0.0,0,0
714,NS_257,2.6794,T,S,bisphenol-A terephthalate,"C(=O)c1ccc(cc1)C(=O)Oc1ccc(cc1)C(C)(C)c1
ccc(cc1)O",Reference,C(=O)c1ccc(cc1)C(=O)Oc1ccc(cc1)C(C)(C)c1ccc(cc1)O,bisphenol-A terephthalate,CC(C)(c1ccc(O)cc1)c1ccc(OC(=O)c2ccc(C=O)cc2)cc1,360.40900000000005,13.3383762637037,5,3,63.6,1,4
715,NS_260,2.6857,T,S,etherimide 7,"N1C(=O)c2c(C1(=O))cc(cc2)Oc1ccc(cc1)Sc1c
cc(cc1)Oc1cc2c(cc1)C(=O)N(C2(=O))c1ccccc
1C(=O)c1ccc(cc1)",Reference,N1C(=O)c2c(C1(=O))cc(cc2)Oc1ccc(cc1)Sc1ccc(cc1)Oc1cc2c(cc1)C(=O)N(C2(=O))c1ccccc1C(=O)c1ccc(cc1),etherimide 7,O=C1NC(=O)c2cc(Oc3ccc(Sc4ccc(Oc5ccc6c(c5)C(=O)N(c5ccccc5C(=O)c5ccccc5)C6=O)cc4)cc3)ccc21,688.7170000000003,13.492753374666668,9,6,119.08000000000001,1,8
716,NS_264,2.6937,P,S,etherimide 9,"N1C(=O)c2c(C1(=O))cc(cc2)Oc1ccc(cc1)Sc1c
cc(cc1)Oc1cc2c(cc1)C(=O)N(C2(=O))c1ccc(cc
1)C(=O)c1ccc(cc1)",Reference,N1C(=O)c2c(C1(=O))cc(cc2)Oc1ccc(cc1)Sc1ccc(cc1)Oc1cc2c(cc1)C(=O)N(C2(=O))c1ccc(cc1)C(=O)c1ccc(cc1),etherimide 9,O=C(c1ccccc1)c1ccc(N2C(=O)c3ccc(Oc4ccc(Sc5ccc(Oc6ccc7c(c6)C(=O)NC7=O)cc5)cc4)cc3C2=O)cc1,688.7170000000002,13.492753374666666,9,6,119.07999999999998,1,8
717,NS_266,2.7016,T,S,"2,2-propane bis{4-(2,6-
dichlorophenyl)}carbonate","C(=O)Oc1cc(Cl)c(c(Cl)c1)C(C)(C)c1c(Cl)cc(c
c1(Cl))O",Reference,C(=O)Oc1cc(Cl)c(c(Cl)c1)C(C)(C)c1c(Cl)cc(cc1(Cl))O,"2,2-propane bis{4-(2,6-dichlorophenyl)}carbonate",CC(C)(c1c(Cl)cc(O)cc1Cl)c1c(Cl)cc(OC=O)cc1Cl,394.08100000000013,17.04148065060869,4,2,46.53,1,3
718,NS_269,2.7101,T,S,Polyimide 10,"N1C(=O)c2c(C1(=O))ccc(c2)C(=O)c1ccc2c(c1
)C(=O)N(C2(=O))c1cc(ccc1)C(=O)c1cc(ccc1)",Reference,N1C(=O)c2c(C1(=O))ccc(c2)C(=O)c1ccc2c(c1)C(=O)N(C2(=O))c1cc(ccc1)C(=O)c1cc(ccc1),Polyimide 10,O=C(c1ccccc1)c1cccc(N2C(=O)c3ccc(C(=O)c4ccc5c(c4)C(=O)NC5=O)cc3C2=O)c1,500.4660000000003,13.160548321894735,5,4,117.69,1,6
719,NS_272,2.7185,T,S,"2,2-propane bis{4-(2,6-
dibromophenyl)}carbonate","C(=O)Oc1cc(Br)c(c(Br)c1)C(C)(C)c1c(Br)cc(c
c1(Br))O",Reference,C(=O)Oc1cc(Br)c(c(Br)c1)C(C)(C)c1c(Br)cc(cc1(Br))O,"2,2-propane bis{4-(2,6-dibromophenyl)}carbonate",CC(C)(c1c(Br)cc(O)cc1Br)c1c(Br)cc(OC=O)cc1Br,571.8850000000002,24.684869245391305,4,2,46.53,1,3
720,NS_274,2.7316,T,S,quinoline 5,"c1cc(c1ccccc1)c2c(n1)ccc(c2)Oc1ccc2c(c1)c(c
1ccccc1)cc(n2)c1ccc(cc1)Oc1ccc(cc1)",Reference,c1cc(c1ccccc1)c2c(n1)ccc(c2)Oc1ccc2c(c1)c(c1ccccc1)cc(n2)c1ccc(cc1)Oc1ccc(cc1),quinoline 5,C1=Cc2c1cccccnc1ccc(Oc3ccc4nc(-c5ccc(Oc6ccccc6)cc5)cc(-c5ccccc5)c4c3)cc21,592.6980000000002,12.874240829043478,6,7,44.24000000000001,0,4
721,NS_276,2.7348,T,S,"3,5-(4-phenyl-1,2,4-triazole)-1,4-
phenylene-3,5-(4-phenyl-1,2,4-
triazole)-1,3-phenylene","C1=NN=C(N1(c1ccccc1))c1ccc(cc1)C1=NN=
C(N1(c1ccccc1))c1cc(ccc1)",Reference,C1=NN=C(N1(c1ccccc1))c1ccc(cc1)C1=NN=C(N1(c1ccccc1))c1cc(ccc1),"3,5-(4-phenyl-1,2,4-triazole)-1,4-phenylene-3,5-(4-phenyl-1,2,4-triazole)-1,3-phenylene",c1ccc(-c2nnc(-c3ccc(-c4nncn4-c4ccccc4)cc3)n2-c2ccccc2)cc1,440.5100000000001,12.94632190117647,5,6,61.42,0,6
722,NS_279,2.7404,T,S,Torlon,"NC(=O)c1ccc2c(c1)C(=O)N(C2(=O))c1ccc(cc
1)Cc1ccc(cc1)",Reference,NC(=O)c1ccc2c(c1)C(=O)N(C2(=O))c1ccc(cc1)Cc1ccc(cc1),Torlon,NC(=O)c1ccc2c(c1)C(=O)N(c1ccc(Cc3ccccc3)cc1)C2=O,356.38100000000003,13.189484902666665,4,3,80.47,1,3
723,NS_281,2.7497,P,S,Polyimide 2F,N1C(=O)c2c(C1(=O))ccc(c2)C(C(F)(F)(F))(C(F)(F)(F))c1ccc2c(c1)C(=O)N(C2(=O))c1ccccc1C(=O)c1ccc(cc1),Reference,N1C(=O)c2c(C1(=O))ccc(c2)C(C(F)(F)(F))(C(F)(F)(F))c1ccc2c(c1)C(=O)N(C2(=O))c1ccccc1C(=O)c1ccc(cc1),Polyimide 2F,O=C1NC(=O)c2cc(C(c3ccc4c(c3)C(=O)N(c3ccccc3C(=O)c3ccccc3)C4=O)(C(F)(F)F)C(F)(F)F)ccc21,622.4770000000003,13.824363131822222,5,4,100.62,1,5
724,NS_283,2.7619,P,S,Polyquinoline 6,c1c(c1ccccc1)c(c1ccccc1)c2c(n1)ccc(c2)Oc1ccc2c(c1)c(c1ccccc1)c(c1ccccc1)c(n2)c1ccc(cc1)Oc1ccc(cc1),Reference,c1c(c1ccccc1)c(c1ccccc1)c2c(n1)ccc(c2)Oc1ccc2c(c1)c(c1ccccc1)c(c1ccccc1)c(n2)c1ccc(cc1)Oc1ccc(cc1),Polyquinoline 6,c1ccc(Oc2ccc(-c3nc4ccc(Oc5ccc6ncccccc7cccccc8cc-8c7c6c5)cc4c(-c4ccccc4)c3-c3ccccc3)cc2)cc1,744.8940000000001,12.83237376537931,7,8,44.24,0,4
725,NS_285,2.7642,T,S,Polyquinoline 7,"c1cc(c1ccccc1)c2c(n1)ccc(c2)Oc1ccc2c(c1)c(c
1ccccc1)cc(n2)c1ccc(cc1)c1ccc(cc1)",Reference,c1cc(c1ccccc1)c2c(n1)ccc(c2)Oc1ccc2c(c1)c(c1ccccc1)cc(n2)c1ccc(cc1)c1ccc(cc1),Polyquinoline 7,C1=Cc2c1cccccnc1ccc(Oc3ccc4nc(-c5ccc(-c6ccccc6)cc5)cc(-c5ccccc5)c4c3)cc21,576.6990000000002,12.804892522577777,5,7,35.010000000000005,0,3
726,NS_287,2.7664,T,S,Polyimide 4F,"N1C(=O)c2c(C1(=O))ccc(c2)C(C(F)(F)(F))(C(
F)(F)(F))c1ccc2c(c1)C(=O)N(C2(=O))c1ccc(cc
1)C(=O)c1ccc(cc1)",Reference,N1C(=O)c2c(C1(=O))ccc(c2)C(C(F)(F)(F))(C(F)(F)(F))c1ccc2c(c1)C(=O)N(C2(=O))c1ccc(cc1)C(=O)c1ccc(cc1),Polyimide 4F,O=C(c1ccccc1)c1ccc(N2C(=O)c3ccc(C(c4ccc5c(c4)C(=O)NC5=O)(C(F)(F)F)C(F)(F)F)cc3C2=O)cc1,622.4770000000002,13.824363131822224,5,4,100.62,1,5
727,NS_289,2.7774,T,S,Polyquinoline 3,"c1nc2c(cccc2)c(c1)c1ccc(cc1)Oc1ccc(cc1)c1c2
c(cccc2)nc(c1)c1ccc(cc1)Oc1ccc(cc1)",Reference,c1nc2c(cccc2)c(c1)c1ccc(cc1)Oc1ccc(cc1)c1c2c(cccc2)nc(c1)c1ccc(cc1)Oc1ccc(cc1),Polyquinoline 3,c1ccc(Oc2ccc(-c3cc(-c4ccc(Oc5ccc(-c6ccnc7ccccc67)cc5)cc4)c4ccccc4n3)cc2)cc1,592.6980000000001,12.874240829043478,7,8,44.24,0,4
728,NS_290,2.7782,T,S,p-phenylene terephthalamide,C(=O)c1ccc(cc1)C(=O)Nc1ccc(cc1)N,Reference,C(=O)c1ccc(cc1)C(=O)Nc1ccc(cc1)N,p-phenylene terephthalamide,Nc1ccc(NC(=O)c2ccc(C=O)cc2)cc1,240.26200000000003,13.338326534666667,3,2,72.19,2,3
729,NS_293,2.791,T,S,Polyquinoline 4,"c1nc2c(cccc2)c(c1c3ccccc3)c1ccc(cc1)Oc1ccc(
cc1)c1c2c(cccc2)nc(c1c3ccccc3)c1ccc(cc1)Oc
1ccc(cc1)",Reference,c1nc2c(cccc2)c(c1c3ccccc3)c1ccc(cc1)Oc1ccc(cc1)c1c2c(cccc2)nc(c1c3ccccc3)c1ccc(cc1)Oc1ccc(cc1),Polyquinoline 4,c1ccc(Oc2ccc(-c3nc4ccccc4c(-c4ccc(Oc5ccc(-c6c(-c7ccccc7)cnc7ccccc67)cc5)cc4)c3-c3ccccc3)cc2)cc1,744.8940000000002,12.83237376537931,9,10,44.24,0,4
730,NS_295,2.7952,T,S,Polyquinoline 8,"c1c(c1ccccc1)c(c1ccccc1)c2c(n1)ccc(c2)Oc1cc
c2c(c1)c(c1ccccc1)c(c1ccccc1)c(n2)c1ccc(cc1)
c1ccc(cc1)",Reference,c1c(c1ccccc1)c(c1ccccc1)c2c(n1)ccc(c2)Oc1ccc2c(c1)c(c1ccccc1)c(c1ccccc1)c(n2)c1ccc(cc1)c1ccc(cc1),Polyquinoline 8,c1ccc(-c2ccc(-c3nc4ccc(Oc5ccc6ncccccc7cccccc8cc-8c7c6c5)cc4c(-c4ccccc4)c3-c3ccccc3)cc2)cc1,728.8950000000002,12.776890592491227,6,8,35.010000000000005,0,3
731,NS_296,2.7966,T,S,Polytricyclic 1,"c1cnc2c(n1)cc3c(c2)ncc(n3)c1ccc(cc1)Oc1ccc(
cc1)",Reference,c1cnc2c(n1)cc3c(c2)ncc(n3)c1ccc(cc1)Oc1ccc(cc1),Polytricyclic 1,c1ccc(Oc2ccc(-c3cnc4cc5nccnc5cc4n3)cc2)cc1,350.3810000000001,12.967287446962963,3,5,60.790000000000006,0,5
732,XLY06_03,2.616,T,T,4-(bis(trimethylstannyl)methyl)styrene,"C[Sn](C)(C)C(C1=CC=C(C=C)C=C1)[Sn](C)(
C)C",ChemAxon,C[Sn](C)(C)C(C1=CC=C(C=C)C=C1)[Sn](C)(C)C,4-(bis(trimethylstannyl)methyl)styrene,C=Cc1ccc([CH]([Sn]([CH3])([CH3])[CH3])[Sn]([CH3])([CH3])[CH3])cc1,443.7950000000001,26.235755307764705,4,1,0.0,0,0
733,XLY06_06,2.4914,T,T,5-bromo-2-isopentyloxystyrene,CC(C)CCOC1=C(C=C)C=C(Br)C=C1,ChemAxon,CC(C)CCOC1=C(C=C)C=C(Br)C=C1,5-bromo-2-isopentyloxystyrene,C=Cc1cc(Br)ccc1OCCC(C)C,269.18199999999996,17.8697518176,5,1,9.23,0,1
734,XLY06_100,2.5263,T,T,2-phenyloxymethylstyrene,C=CC1=C(COC2=CC=CC=C2)C=CC=C1,ChemAxon,C=CC1=C(COC2=CC=CC=C2)C=CC=C1,2-phenyloxymethylstyrene,C=Cc1ccccc1COc1ccccc1,210.276,13.13152906675,4,2,9.23,0,1
735,XLY06_102,2.5809,T,T,2-propoxycarbonylstyrene,CCCOC(=O)C1=C(C=C)C=CC=C1,ChemAxon,CCCOC(=O)C1=C(C=C)C=CC=C1,2-propoxycarbonylstyrene,C=Cc1ccccc1C(=O)OCCC,190.24199999999993,13.578527120571428,4,1,26.3,0,2
736,XLY06_104,2.6385,T,T,"2,4,6-trimethylstyrene",CC1=CC(=C(C(=C1)C)C=C)C,PubChemPy,CC1=CC(=C(C(=C1)C)C=C)C,"2,4,6-trimethylstyrene",C=Cc1c(C)cc(C)cc1C,146.23299999999998,13.282686404363636,1,1,0.0,0,0
737,XLY06_30,2.5944,P,T,4-cyanostyrene,C=CC1=CC=C(C=C1)C#N,PubChemPy,C=CC1=CC=C(C=C1)C#N,4-cyanostyrene,C=Cc1ccc(C#N)cc1,129.162,12.905784922399999,1,1,23.79,0,1
738,XLY06_31,2.3181,P,T,4-decylstyrene,CCCCCCCCCCC1=CC=C(C=C1)C=C,PubChemPy,CCCCCCCCCCC1=CC=C(C=C1)C=C,4-decylstyrene,C=Cc1ccc(CCCCCCCCCC)cc1,244.42199999999994,13.567727827555554,10,1,0.0,0,0
739,XLY06_38,2.6656,T,T,2-dimethylaminocarbonylstyrene,CN(C)C(=O)C1=C(C=C)C=CC=C1,ChemAxon,CN(C)C(=O)C1=C(C=C)C=CC=C1,2-dimethylaminocarbonylstyrene,C=Cc1ccccc1C(=O)N(C)C,175.23099999999997,13.469208772,2,1,20.310000000000002,0,1
740,XLY06_39,2.534,T,T,"2-(2-
dimethylaminoethoxycarbonyl)styrene",CN(C)CCOC(=O)C1=C(C=C)C=CC=C1,ChemAxon,CN(C)CCOC(=O)C1=C(C=C)C=CC=C1,2-(2-dimethylaminoethoxycarbonyl)styrene,C=Cc1ccccc1C(=O)OCCN(C)C,219.28399999999993,13.695370549,5,1,29.54,0,3
741,XLY06_45,2.3444,P,T,4-dodecylstyrene,CCCCCCCCCCCCC1=CC=C(C=C1)C=C,PubChemPy,CCCCCCCCCCCCC1=CC=C(C=C1)C=C,4-dodecylstyrene,C=Cc1ccc(CCCCCCCCCCCC)cc1,272.4759999999999,13.612520051199999,12,1,0.0,0,0
742,XLY06_46,2.5922,T,T,2-ethoxycarbonylstyrene,CCOC(=O)C1=C(C=C)C=CC=C1,ChemAxon,CCOC(=O)C1=C(C=C)C=CC=C1,2-ethoxycarbonylstyrene,C=Cc1ccccc1C(=O)OCC,176.21499999999995,13.54490227876923,3,1,26.3,0,2
743,XLY06_51,2.3979,T,T,4-(1-ethylhexyloxymethyl)styrene,CCCCCC(CC)OCC1=CC=C(C=C)C=C1,ChemAxon,CCCCCC(CC)OCC1=CC=C(C=C)C=C1,4-(1-ethylhexyloxymethyl)styrene,C=Cc1ccc(COC(CC)CCCCC)cc1,246.39399999999992,13.677686969555555,9,1,9.23,0,1
744,XLY06_54,2.444,T,T,4-hexadecylstyrene,CCCCCCCCCCCCCCCCC1=CC=C(C=C1)C=C,PubChemPy,CCCCCCCCCCCCCCCCC1=CC=C(C=C1)C=C,4-hexadecylstyrene,C=Cc1ccc(CCCCCCCCCCCCCCCC)cc1,328.58400000000006,13.679708386666666,16,1,0.0,0,0
745,XLY06_60,2.4669,T,T,4-(4-hydroxybutoxymethyl)styrene,OCCCCOCC1=CC=C(C=C)C=C1,ChemAxon,OCCCCOCC1=CC=C(C=C)C=C1,4-(4-hydroxybutoxymethyl)styrene,C=Cc1ccc(COCCCCO)cc1,206.28499999999997,13.742045321066666,7,1,29.46,1,2
746,XLY06_62,2.6096,T,T,4-(1-hydroxyiminoethyl)styrene,CC(=NO)C1=CC=C(C=C)C=C1,ChemAxon,CC(=NO)C1=CC=C(C=C)C=C1,4-(1-hydroxyiminoethyl)styrene,C=Cc1ccc(C(C)=NO)cc1,161.204,13.423671997666666,2,1,32.59,1,2
747,XLY06_63,2.5843,P,T,"4-[(1-hydroxyimino)-2-
phenethyl]styrene","O\N=C1\CC(CCC2=CC=CC=C2)=C(C=C)C=
C1",ChemAxon,O\N=C1\CC(CCC2=CC=CC=C2)=C(C=C)C=C1,4-[(1-hydroxyimino)-2-phenethyl]styrene,C=CC1=C(CCc2ccccc2)C/C(=N/O)C=C1,239.318,13.285056342444443,4,1,32.59,1,2
748,XLY06_64,2.3747,T,T,4-tetradecylstyrene,CCCCCCCCCCCCCCC1=CC=C(C=C1)C=C,PubChemPy,CCCCCCCCCCCCCCC1=CC=C(C=C1)C=C,4-tetradecylstyrene,C=Cc1ccc(CCCCCCCCCCCCCC)cc1,300.53,13.649168234181817,14,1,0.0,0,0
749,XLY06_68,2.5145,P,T,"4-(1-hydroxy-3-
piperidinopropyl)styrene",OC(CCN1CCCCC1)C1=CC=C(C=C)C=C1,ChemAxon,OC(CCN1CCCCC1)C1=CC=C(C=C)C=C1,4-(1-hydroxy-3-piperidinopropyl)styrene,C=Cc1ccc(C(O)CCN2CCCCC2)cc1,245.36599999999993,13.620998019777778,5,1,23.47,1,2
750,XLY06_72,2.6021,T,T,2-isobutoxycarbonylstyrene,CC(C)COC(=O)C1=C(C=C)C=CC=C1,ChemAxon,CC(C)COC(=O)C1=C(C=C)C=CC=C1,2-isobutoxycarbonylstyrene,C=Cc1ccccc1C(=O)OCC(C)C,204.26899999999995,13.607668650133332,4,1,26.3,0,2
751,XLY06_76,2.6222,T,T,2-isopropoxycarbonylstyrene,CC(C)OC(=O)C1=C(C=C)C=CC=C1,ChemAxon,CC(C)OC(=O)C1=C(C=C)C=CC=C1,2-isopropoxycarbonylstyrene,C=Cc1ccccc1C(=O)OC(C)C,190.24199999999996,13.578527120571428,3,1,26.3,0,2
752,XLY06_80,2.6053,T,T,2-methoxycarbonylstyrene,COC(=O)C1=C(C=C)C=CC=C1,ChemAxon,COC(=O)C1=C(C=C)C=CC=C1,2-methoxycarbonylstyrene,C=Cc1ccccc1C(=O)OC,162.18799999999996,13.505673296666666,2,1,26.3,0,2
753,XLY06_90,2.4843,T,T,4-nonadecylstyrene,"CCCCCCCCCCCCCCCCCCCC1=CC=C(C=
C1)C=C",PubChemPy,CCCCCCCCCCCCCCCCCCCC1=CC=C(C=C1)C=C,4-nonadecylstyrene,C=Cc1ccc(CCCCCCCCCCCCCCCCCCC)cc1,370.6650000000002,13.717035239703703,19,1,0.0,0,0
754,XLY06_91,2.3424,T,T,4-nonylstyrene,CCCCCCCCCC1=CC=C(C=C1)C=C,PubChemPy,CCCCCCCCCC1=CC=C(C=C1)C=C,4-nonylstyrene,C=Cc1ccc(CCCCCCCCC)cc1,230.39499999999995,13.541379460705881,9,1,0.0,0,0
755,XLY06_92,2.4843,T,T,4-octadecylstyrene,"CCCCCCCCCCCCCCCCCCC1=CC=C(C=C1
)C=C",PubChemPy,CCCCCCCCCCCCCCCCCCC1=CC=C(C=C1)C=C,4-octadecylstyrene,C=Cc1ccc(CCCCCCCCCCCCCCCCCC)cc1,356.63800000000015,13.705550054153845,18,1,0.0,0,0
756,XLY06_94,2.3636,P,T,4-(octyloxymethyl)styrene,CCCCCCCCOCC1=CC=C(C=C)C=C1,ChemAxon,CCCCCCCCOCC1=CC=C(C=C)C=C1,4-(octyloxymethyl)styrene,C=Cc1ccc(COCCCCCCCC)cc1,246.39399999999992,13.677686969555555,10,1,9.23,0,1
757,XLY06_96,2.3579,T,T,4-octylstyrene,CCCCCCCCC1=CC=C(C=C)C=C1,ChemAxon,CCCCCCCCC1=CC=C(C=C)C=C1,4-octylstyrene,C=Cc1ccc(CCCCCCCC)cc1,216.36799999999997,13.511737548,8,1,0.0,0,0
758,XLY06_98,2.5623,T,T,2-pentyloxycarbonylstyrene,CCCCCOC(=O)C1=C(C=C)C=CC=C1,ChemAxon,CCCCCOC(=O)C1=C(C=C)C=CC=C1,2-pentyloxycarbonylstyrene,C=Cc1ccccc1C(=O)OCCCCC,218.2959999999999,13.6331674885,6,1,26.3,0,2
759,XLY06_99,2.5051,T,T,2-pentyloxymethylstyrene,CCCCCOCC1=C(C=C)C=CC=C1,ChemAxon,CCCCCOCC1=C(C=C)C=CC=C1,2-pentyloxymethylstyrene,C=Cc1ccccc1COCCCCC,204.31299999999993,13.610094350666666,7,1,9.23,0,1
760,XLY09_04,2.6561,T,U,pentabromobenzyl acrylate,"C=CC(=O)OCC1=C(C(=C(C(=C1Br)Br)Br)Br
)Br",PubChemPy,C=CC(=O)OCC1=C(C(=C(C(=C1Br)Br)Br)Br)Br,pentabromobenzyl acrylate,C=CC(=O)OCc1c(Br)c(Br)c(Br)c(Br)c1Br,556.6680000000001,32.44827293529413,3,1,26.3,0,2
761,XLY09_18,2.4594,P,U,"3,3,5-trimethylcyclohexyl acrylate",CC1CC(CC(C1)(C)C)OC(=O)C=C,PubChemPy,CC1CC(CC(C1)(C)C)OC(=O)C=C,"3,3,5-trimethylcyclohexyl acrylate",C=CC(=O)OC1CC(C)CC(C)(C)C1,196.28999999999994,14.010452134285714,2,0,26.3,0,2
762,XLY09_27,2.5038,P,U,"3-chloro-2,2-bis(chloromethyl) propyl
acrylate",ClCC(CCl)(CCl)COC(=O)C=C,ChemAxon,ClCC(CCl)(CCl)COC(=O)C=C,"3-chloro-2,2-bis(chloromethyl) propylacrylate",C=CC(=O)OCC(CCl)(CCl)CCl,245.53299999999996,18.767881740923077,6,0,26.3,0,2
763,HA_01,2.614,T,V,"4-(2-{4-[2-nitro-4-(3-
nitrobenzenesulfonyl)phenoxy]phenyl}
propan-2-yl)phenol","CC(C)(c1ccc(O)cc1)c1ccc(Oc2ccc(cc2[N+](=
O)[O-])S(=O)(=O)c2cccc(c2)[N+](=O)[O-
])cc1",Reference,CC(C)(c1ccc(O)cc1)c1ccc(Oc2ccc(cc2[N+](=O)[O-])S(=O)(=O)c2cccc(c2)[N+](=O)[O-])cc1,4-(2-{4-[2-nitro-4-(3-nitrobenzenesulfonyl)phenoxy]phenyl}propan-2-yl)phenol,CC(C)(c1ccc(O)cc1)c1ccc(Oc2ccc(S(=O)(=O)c3cccc([N+](=O)[O-])c3)cc2[N+](=O)[O-])cc1,534.5460000000003,14.055518070105261,8,4,149.88000000000002,1,8
764,HA_02,2.6182,T,V,"3'-[4-(benzenesulfonyl)phenoxy]-[1,1'-
biphenyl]-3-ol","Oc1cccc(c1)c1cccc(Oc2ccc(cc2)S(=O)(=O)c2c
cccc2)c1",Reference,Oc1cccc(c1)c1cccc(Oc2ccc(cc2)S(=O)(=O)c2ccccc2)c1,"3'-[4-(benzenesulfonyl)phenoxy]-[1,1'-biphenyl]-3-ol",O=S(=O)(c1ccccc1)c1ccc(Oc2cccc(-c3cccc(O)c3)c2)cc1,402.47100000000006,13.865261381241378,5,4,63.60000000000001,1,4
765,HA_03,2.6224,T,V,4-{4-[(4-benzylphenyl)methoxy]benzenesulfonyl}phenol,Cc1ccc(Cc2ccc(COc3ccc(cc3)S(=O)(=O)c3ccc(O)cc3)cc2)cc1,Reference,Cc1ccc(Cc2ccc(COc3ccc(cc3)S(=O)(=O)c3ccc(O)cc3)cc2)cc1,4-{4-[(4-benzylphenyl)methoxy]benzenesulfonyl}phenol,Cc1ccc(Cc2ccc(COc3ccc(S(=O)(=O)c4ccc(O)cc4)cc3)cc2)cc1,444.55200000000013,13.879360320249999,7,4,63.60000000000001,1,4
766,HA_04,2.6265,T,V,4-(2-{4-[4-(benzenesulfonyl)-2-nitrophenoxy]phenyl}propan-2-yl)phenol,CC(C)(c1ccc(O)cc1)c1ccc(Oc2ccc(cc2[N+](=O)[O-])S(=O)(=O)c2ccccc2)cc1,Reference,CC(C)(c1ccc(O)cc1)c1ccc(Oc2ccc(cc2[N+](=O)[O-])S(=O)(=O)c2ccccc2)cc1,4-(2-{4-[4-(benzenesulfonyl)-2-nitrophenoxy]phenyl}propan-2-yl)phenol,CC(C)(c1ccc(O)cc1)c1ccc(Oc2ccc(S(=O)(=O)c3ccccc3)cc2[N+](=O)[O-])cc1,489.54900000000015,13.974988813028569,7,4,106.74000000000001,1,6
767,HA_05,2.6416,T,V,3-(benzenesulfonyl)phenol,Oc1cccc(c1)S(=O)(=O)c1ccccc1,Reference,Oc1cccc(c1)S(=O)(=O)c1ccccc1,3-(benzenesulfonyl)phenol,O=S(=O)(c1ccccc1)c1cccc(O)c1,234.27599999999998,14.62719157375,2,2,54.370000000000005,1,3
768,HA_06,2.6446,T,V,"4-(benzenesulfonyl)-4'-phenoxy-1,1'-
biphenyl","O=S(=O)(c1ccccc1)c1ccc(cc1)c1ccc(Oc2ccccc
2)cc1",Reference,O=S(=O)(c1ccccc1)c1ccc(cc1)c1ccc(Oc2ccccc2)cc1,"4-(benzenesulfonyl)-4'-phenoxy-1,1'-biphenyl",O=S(=O)(c1ccccc1)c1ccc(-c2ccc(Oc3ccccc3)cc2)cc1,386.47200000000004,13.789202337,5,4,43.370000000000005,0,3
769,HA_07,2.6475,T,V,"4-(2-{4-[4-(benzenesulfonyl)-3-
(trimethylsilyl)phenoxy]phenyl}propan
-2-yl)phenol","CC(C)(c1ccc(O)cc1)c1ccc(Oc2ccc(c(c2)[Si](C
)(C)C)S(=O)(=O)c2ccccc2)cc1",Reference,CC(C)(c1ccc(O)cc1)c1ccc(Oc2ccc(c(c2)[Si](C)(C)C)S(=O)(=O)c2ccccc2)cc1,4-(2-{4-[4-(benzenesulfonyl)-3-(trimethylsilyl)phenoxy]phenyl}propan-2-yl)phenol,CC(C)(c1ccc(O)cc1)c1ccc(Oc2ccc(S(=O)(=O)c3ccccc3)c([Si](C)(C)C)c2)cc1,516.7350000000002,14.338307139833331,7,4,63.6,1,4
770,HA_08,2.6524,T,V,"4-[4-({4'-methyl-[1,1'-biphenyl]-4-
yl}methoxy)benzenesulfonyl]phenol","Cc1ccc(cc1)c1ccc(COc2ccc(cc2)S(=O)(=O)c2c
cc(O)cc2)cc1",Reference,Cc1ccc(cc1)c1ccc(COc2ccc(cc2)S(=O)(=O)c2ccc(O)cc2)cc1,"4-[4-({4'-methyl-[1,1'-biphenyl]-4-yl}methoxy)benzenesulfonyl]phenol",Cc1ccc(-c2ccc(COc3ccc(S(=O)(=O)c4ccc(O)cc4)cc3)cc2)cc1,430.5250000000001,13.874963876903225,6,4,63.60000000000001,1,4
771,HA_09,2.6543,T,V,"4-(2-{4-[4-(benzenesulfonyl)phenoxy]-
3-methylphenyl}propan-2-yl)-2-
methylphenol","Cc1cc(ccc1O)C(C)(C)c1cc(C)c(Oc2ccc(cc2)S(
=O)(=O)c2ccccc2)cc1",Reference,Cc1cc(ccc1O)C(C)(C)c1cc(C)c(Oc2ccc(cc2)S(=O)(=O)c2ccccc2)cc1,4-(2-{4-[4-(benzenesulfonyl)phenoxy]-3-methylphenyl}propan-2-yl)-2-methylphenol,Cc1cc(C(C)(C)c2ccc(Oc3ccc(S(=O)(=O)c4ccccc4)cc3)c(C)c2)ccc1O,472.60600000000017,13.887377363999999,6,4,63.60000000000001,1,4
772,HA_10,2.6562,P,V,"4-({4-[4-
(benzenesulfonyl)phenoxy]phenyl}met
hyl)phenol","Oc1ccc(Cc2ccc(Oc3ccc(cc3)S(=O)(=O)c3cccc
c3)cc2)cc1",Reference,Oc1ccc(Cc2ccc(Oc3ccc(cc3)S(=O)(=O)c3ccccc3)cc2)cc1,4-({4-[4-(benzenesulfonyl)phenoxy]phenyl}methyl)phenol,O=S(=O)(c1ccccc1)c1ccc(Oc2ccc(Cc3ccc(O)cc3)cc2)cc1,416.4980000000001,13.870274337333333,6,4,63.60000000000001,1,4
773,HA_11,2.6562,T,V,"4-{4-[4-
(benzenesulfonyl)phenoxy]phenoxy}ph
enol","Oc1ccc(Oc2ccc(Oc3ccc(cc3)S(=O)(=O)c3cccc
c3)cc2)cc1",Reference,Oc1ccc(Oc2ccc(Oc3ccc(cc3)S(=O)(=O)c3ccccc3)cc2)cc1,4-{4-[4-(benzenesulfonyl)phenoxy]phenoxy}phenol,O=S(=O)(c1ccccc1)c1ccc(Oc2ccc(Oc3ccc(O)cc3)cc2)cc1,418.4700000000001,13.936249822533332,6,4,72.83000000000001,1,5
774,HA_12,2.662,T,V,"4-(2-{4-[4-
(benzenesulfonyl)phenoxy]phenyl}pro
pan-2-yl)phenol","CC(C)(c1ccc(O)cc1)c1ccc(Oc2ccc(cc2)S(=O)(
=O)c2ccccc2)cc1",Reference,CC(C)(c1ccc(O)cc1)c1ccc(Oc2ccc(cc2)S(=O)(=O)c2ccccc2)cc1,4-(2-{4-[4-(benzenesulfonyl)phenoxy]phenyl}propan-2-yl)phenol,CC(C)(c1ccc(O)cc1)c1ccc(Oc2ccc(S(=O)(=O)c3ccccc3)cc2)cc1,444.5520000000001,13.879360320249997,6,4,63.6,1,4
775,HA_13,2.6638,P,V,"4-[4-
(benzenesulfonyl)phenoxy]benzene-1-
thiol",Sc1ccc(Oc2ccc(cc2)S(=O)(=O)c2ccccc2)cc1,Reference,Sc1ccc(Oc2ccc(cc2)S(=O)(=O)c2ccccc2)cc1,4-[4-(benzenesulfonyl)phenoxy]benzene-1-thiol,O=S(=O)(c1ccccc1)c1ccc(Oc2ccc(S)cc2)cc1,342.441,14.871236361217393,4,3,43.370000000000005,1,4
776,HA_14,2.6657,T,V,"4-(2-{4-[4-
(benzenesulfonyl)phenoxy]phenyl}pro
pan-2-yl)-2-nitrophenol","CC(C)(c1ccc(Oc2ccc(cc2)S(=O)(=O)c2ccccc2)
cc1)c1ccc(O)c(c1)[N+](=O)[O-]",Reference,CC(C)(c1ccc(Oc2ccc(cc2)S(=O)(=O)c2ccccc2)cc1)c1ccc(O)c(c1)[N+](=O)[O-],4-(2-{4-[4-(benzenesulfonyl)phenoxy]phenyl}propan-2-yl)-2-nitrophenol,CC(C)(c1ccc(Oc2ccc(S(=O)(=O)c3ccccc3)cc2)cc1)c1ccc(O)c([N+](=O)[O-])c1,489.54900000000015,13.97498881302857,7,4,106.74000000000001,1,6
777,HA_15,2.6704,T,V,"4-(2-{4-[4-(benzenesulfonyl)phenoxy]-
3-nitrophenyl}propan-2-yl)-2-
nitrophenol","CC(C)(c1ccc(O)c(c1)[N+](=O)[O-
])c1ccc(Oc2ccc(cc2)S(=O)(=O)c2ccccc2)c(c1)[
N+](=O)[O-]",Reference,CC(C)(c1ccc(O)c(c1)[N+](=O)[O-])c1ccc(Oc2ccc(cc2)S(=O)(=O)c2ccccc2)c(c1)[N+](=O)[O-],4-(2-{4-[4-(benzenesulfonyl)phenoxy]-3-nitrophenyl}propan-2-yl)-2-nitrophenol,CC(C)(c1ccc(O)c([N+](=O)[O-])c1)c1ccc(Oc2ccc(S(=O)(=O)c3ccccc3)cc2)c([N+](=O)[O-])c1,534.5460000000002,14.055518070105261,8,4,149.88000000000002,1,8
778,HA_16,2.6704,T,V,"4-[4-
(benzenesulfonyl)benzoyl]benzaldehyd
e","O=Cc1ccc(cc1)C(=O)c1ccc(cc1)S(=O)(=O)c1c
cccc1",Reference,O=Cc1ccc(cc1)C(=O)c1ccc(cc1)S(=O)(=O)c1ccccc1,4-[4-(benzenesulfonyl)benzoyl]benzaldehyde,O=Cc1ccc(C(=O)c2ccc(S(=O)(=O)c3ccccc3)cc2)cc1,350.39500000000004,14.002451197120001,5,3,68.28,0,4
779,HA_17,2.6722,P,V,4-(1-{4-[4-(benzenesulfonyl)phenoxy]-3-methylphenyl}cyclohexyl)-2-methylphenol,Cc1cc(ccc1O)C1(CCCCC1)c1ccc(Oc2ccc(cc2)S(=O)(=O)c2ccccc2)c(C)c1,Reference,Cc1cc(ccc1O)C1(CCCCC1)c1ccc(Oc2ccc(cc2)S(=O)(=O)c2ccccc2)c(C)c1,4-(1-{4-[4-(benzenesulfonyl)phenoxy]-3-methylphenyl}cyclohexyl)-2-methylphenol,Cc1cc(C2(c3ccc(Oc4ccc(S(=O)(=O)c5ccccc5)cc4)c(C)c3)CCCCC2)ccc1O,512.6710000000004,13.843300824432433,6,4,63.60000000000001,1,4
780,HA_18,2.675,P,V,4-(1-{4-[4-(benzenesulfonyl)phenoxy]-3-methylphenyl}-2-methylpropyl)-2-methylphenol,CC(C)C(c1ccc(O)c(C)c1)c1ccc(Oc2ccc(cc2)S(=O)(=O)c2ccccc2)c(C)c1,Reference,CC(C)C(c1ccc(O)c(C)c1)c1ccc(Oc2ccc(cc2)S(=O)(=O)c2ccccc2)c(C)c1,4-(1-{4-[4-(benzenesulfonyl)phenoxy]-3-methylphenyl}-2-methylpropyl)-2-methylphenol,Cc1cc(C(c2ccc(Oc3ccc(S(=O)(=O)c4ccccc4)cc3)c(C)c2)C(C)C)ccc1O,486.63300000000015,13.891042298285713,7,4,63.60000000000001,1,4
781,HA_19,2.675,T,V,"4-(1-{4-[4-
(benzenesulfonyl)phenoxy]phenyl}-1-
phenylethyl)phenol","CC(c1ccccc1)(c1ccc(O)cc1)c1ccc(Oc2ccc(cc2)
S(=O)(=O)c2ccccc2)cc1",Reference,CC(c1ccccc1)(c1ccc(O)cc1)c1ccc(Oc2ccc(cc2)S(=O)(=O)c2ccccc2)cc1,4-(1-{4-[4-(benzenesulfonyl)phenoxy]phenyl}-1-phenylethyl)phenol,CC(c1ccccc1)(c1ccc(O)cc1)c1ccc(Oc2ccc(S(=O)(=O)c3ccccc3)cc2)cc1,506.6230000000002,13.679869738162159,7,5,63.6,1,4
782,HA_20,2.6796,T,V,"4-(1-{4-[4-
(benzenesulfonyl)phenoxy]phenyl}cycl
ohexyl)phenol","Oc1ccc(cc1)C1(CCCCC1)c1ccc(Oc2ccc(cc2)S
(=O)(=O)c2ccccc2)cc1",Reference,Oc1ccc(cc1)C1(CCCCC1)c1ccc(Oc2ccc(cc2)S(=O)(=O)c2ccccc2)cc1,4-(1-{4-[4-(benzenesulfonyl)phenoxy]phenyl}cyclohexyl)phenol,O=S(=O)(c1ccccc1)c1ccc(Oc2ccc(C3(c4ccc(O)cc4)CCCCC3)cc2)cc1,484.6170000000003,13.833452296457143,6,4,63.60000000000001,1,4
783,HA_21,2.6796,T,V,"4-{4-[4-
(benzenesulfonyl)phenoxy]benzoyl}ph
enol","Oc1ccc(cc1)C(=O)c1ccc(Oc2ccc(cc2)S(=O)(=
O)c2ccccc2)cc1",Reference,Oc1ccc(cc1)C(=O)c1ccc(Oc2ccc(cc2)S(=O)(=O)c2ccccc2)cc1,4-{4-[4-(benzenesulfonyl)phenoxy]benzoyl}phenol,O=C(c1ccc(O)cc1)c1ccc(Oc2ccc(S(=O)(=O)c3ccccc3)cc2)cc1,430.4810000000001,13.873790150838708,6,4,80.67,1,5
784,HA_22,2.6841,T,V,4-[4-(benzenesulfonyl)phenoxy]phenol,Oc1ccc(Oc2ccc(cc2)S(=O)(=O)c2ccccc2)cc1,Reference,Oc1ccc(Oc2ccc(cc2)S(=O)(=O)c2ccccc2)cc1,4-[4-(benzenesulfonyl)phenoxy]phenol,O=S(=O)(c1ccccc1)c1ccc(Oc2ccc(O)cc2)cc1,326.373,14.176577388173913,4,3,63.60000000000001,1,4
785,HA_23,2.6841,T,V,"2-(benzenesulfonyl)-5-{4-[2-(4-
hydroxyphenyl)propan-2-
yl]phenoxy}benzoic acid","CC(C)(c1ccc(O)cc1)c1ccc(Oc2ccc(c(c2)C(=O)
O)S(=O)(=O)c2ccccc2)cc1",Reference,CC(C)(c1ccc(O)cc1)c1ccc(Oc2ccc(c(c2)C(=O)O)S(=O)(=O)c2ccccc2)cc1,2-(benzenesulfonyl)-5-{4-[2-(4-hydroxyphenyl)propan-2-yl]phenoxy}benzoic acid,CC(C)(c1ccc(O)cc1)c1ccc(Oc2ccc(S(=O)(=O)c3ccccc3)c(C(=O)O)c2)cc1,488.56100000000015,13.946553128228567,7,4,100.9,2,5
786,HA_24,2.6886,T,V,"7-[4-
(benzenesulfonyl)phenoxy]naphthalen-
2-ol","Oc1ccc2ccc(Oc3ccc(cc3)S(=O)(=O)c3ccccc3)c
c2c1",Reference,Oc1ccc2ccc(Oc3ccc(cc3)S(=O)(=O)c3ccccc3)cc2c1,7-[4-(benzenesulfonyl)phenoxy]naphthalen-2-ol,O=S(=O)(c1ccccc1)c1ccc(Oc2ccc3ccc(O)cc3c2)cc1,376.43300000000005,13.928775184888888,4,4,63.60000000000001,1,4
787,HA_25,2.6894,T,V,"4-{[1,1'-biphenyl]-4-sulfonyl}phenol",Oc1ccc(cc1)S(=O)(=O)c1ccc(cc1)c1ccccc1,Reference,Oc1ccc(cc1)S(=O)(=O)c1ccc(cc1)c1ccccc1,"4-{[1,1'-biphenyl]-4-sulfonyl}phenol",O=S(=O)(c1ccc(O)cc1)c1ccc(-c2ccccc2)cc1,310.374,14.093925695818182,3,3,54.370000000000005,1,3
788,HA_26,2.693,T,V,"4'-[4-(benzenesulfonyl)phenoxy]-[1,1'-
biphenyl]-4-ol","Oc1ccc(cc1)c1ccc(Oc2ccc(cc2)S(=O)(=O)c2cc
ccc2)cc1",Reference,Oc1ccc(cc1)c1ccc(Oc2ccc(cc2)S(=O)(=O)c2ccccc2)cc1,"4'-[4-(benzenesulfonyl)phenoxy]-[1,1'-biphenyl]-4-ol",O=S(=O)(c1ccccc1)c1ccc(Oc2ccc(-c3ccc(O)cc3)cc2)cc1,402.47100000000006,13.865261381241378,5,4,63.60000000000001,1,4
789,HA_27,2.693,T,V,"2-(2-carboxybenzenesulfonyl)-5-{4-[2-
(4-hydroxyphenyl)propan-2-
yl]phenoxy}benzoic acid","CC(C)(c1ccc(O)cc1)c1ccc(Oc2ccc(c(c2)C(=O)
O)S(=O)(=O)c2ccccc2C(=O)O)cc1",Reference,CC(C)(c1ccc(O)cc1)c1ccc(Oc2ccc(c(c2)C(=O)O)S(=O)(=O)c2ccccc2C(=O)O)cc1,2-(2-carboxybenzenesulfonyl)-5-{4-[2-(4-hydroxyphenyl)propan-2-yl]phenoxy}benzoic acid,CC(C)(c1ccc(O)cc1)c1ccc(Oc2ccc(S(=O)(=O)c3ccccc3C(=O)O)c(C(=O)O)c2)cc1,532.5700000000003,14.00313654547368,8,4,138.2,3,6
790,HA_28,2.6939,T,V,2-(benzenesulfonyl)phenol,Oc1ccccc1S(=O)(=O)c1ccccc1,Reference,Oc1ccccc1S(=O)(=O)c1ccccc1,2-(benzenesulfonyl)phenol,O=S(=O)(c1ccccc1)c1ccccc1O,234.27599999999998,14.62719157375,2,2,54.370000000000005,1,3
791,HA_29,2.6939,T,V,"5-[4-
(benzenesulfonyl)phenoxy]naphthalen-
2-ol","Oc1ccc2c(Oc3ccc(cc3)S(=O)(=O)c3ccccc3)ccc
c2c1",Reference,Oc1ccc2c(Oc3ccc(cc3)S(=O)(=O)c3ccccc3)cccc2c1,5-[4-(benzenesulfonyl)phenoxy]naphthalen-2-ol,O=S(=O)(c1ccccc1)c1ccc(Oc2cccc3cc(O)ccc23)cc1,376.43300000000005,13.928775184888888,4,4,63.60000000000001,1,4
792,HA_30,2.6947,T,V,"2-{4-
[(benzenesulfonyl)methyl]benzoyl}-6-
formylbenzonitrile","O=Cc1cccc(C(=O)c2ccc(CS(=O)(=O)c3ccccc3
)cc2)c1C#N",Reference,O=Cc1cccc(C(=O)c2ccc(CS(=O)(=O)c3ccccc3)cc2)c1C#N,2-{4-[(benzenesulfonyl)methyl]benzoyl}-6-formylbenzonitrile,N#Cc1c(C=O)cccc1C(=O)c1ccc(CS(=O)(=O)c2ccccc2)cc1,389.4320000000001,13.895434962857141,6,3,92.07,0,5
793,HA_31,2.6974,P,V,"4-[4-(benzenesulfonyl)phenoxy]-2,5-
bis(propan-2-yl)phenol","CC(C)c1cc(Oc2ccc(cc2)S(=O)(=O)c2ccccc2)c(
cc1O)C(C)C",Reference,CC(C)c1cc(Oc2ccc(cc2)S(=O)(=O)c2ccccc2)c(cc1O)C(C)C,"4-[4-(benzenesulfonyl)phenoxy]-2,5-bis(propan-2-yl)phenol",CC(C)c1cc(Oc2ccc(S(=O)(=O)c3ccccc3)cc2)c(C(C)C)cc1O,410.5350000000001,14.143282079724138,6,3,63.60000000000001,1,4
794,HA_32,2.6974,T,V,"4-(4-{[4-
(benzenesulfonyl)phenyl]sulfanyl}phen
oxy)benzene-1-thiol","Sc1ccc(Oc2ccc(Sc3ccc(cc3)S(=O)(=O)c3ccccc
3)cc2)cc1",Reference,Sc1ccc(Oc2ccc(Sc3ccc(cc3)S(=O)(=O)c3ccccc3)cc2)cc1,4-(4-{[4-(benzenesulfonyl)phenyl]sulfanyl}phenoxy)benzene-1-thiol,O=S(=O)(c1ccccc1)c1ccc(Sc2ccc(Oc3ccc(S)cc3)cc2)cc1,450.6060000000001,15.001393581199999,6,4,43.370000000000005,1,5
795,HA_33,2.6991,P,V,"6-[4-(benzenesulfonyl)phenoxy]-5-phenyl-[1,1'-biphenyl]-3-ol",Oc1cc(c(Oc2ccc(cc2)S(=O)(=O)c2ccccc2)c(c1)c1ccccc1)c1ccccc1,Reference,Oc1cc(c(Oc2ccc(cc2)S(=O)(=O)c2ccccc2)c(c1)c1ccccc1)c1ccccc1,"6-[4-(benzenesulfonyl)phenoxy]-5-phenyl-[1,1'-biphenyl]-3-ol",O=S(=O)(c1ccccc1)c1ccc(Oc2c(-c3ccccc3)cc(O)cc2-c2ccccc2)cc1,478.5690000000001,13.660682290971428,6,5,63.60000000000001,1,4
796,HA_34,2.6991,T,V,6-[4-(benzenesulfonyl)phenoxy]naphthalen-2-ol,Oc1ccc2cc(Oc3ccc(cc3)S(=O)(=O)c3ccccc3)ccc2c1,Reference,Oc1ccc2cc(Oc3ccc(cc3)S(=O)(=O)c3ccccc3)ccc2c1,6-[4-(benzenesulfonyl)phenoxy]naphthalen-2-ol,O=S(=O)(c1ccccc1)c1ccc(Oc2ccc3cc(O)ccc3c2)cc1,376.43300000000005,13.928775184888888,4,4,63.60000000000001,1,4
797,HA_35,2.7,T,V,"4-({4-[4-(benzenesulfonyl)phenoxy]-
3,5-dimethylphenyl}methyl)-2,6-
dimethylphenol","Cc1cc(Cc2cc(C)c(Oc3ccc(cc3)S(=O)(=O)c3cc
ccc3)c(C)c2)cc(C)c1O",Reference,Cc1cc(Cc2cc(C)c(Oc3ccc(cc3)S(=O)(=O)c3ccccc3)c(C)c2)cc(C)c1O,"4-({4-[4-(benzenesulfonyl)phenoxy]-3,5-dimethylphenyl}methyl)-2,6-dimethylphenol",Cc1cc(Cc2cc(C)c(Oc3ccc(S(=O)(=O)c4ccccc4)cc3)c(C)c2)cc(C)c1O,472.6060000000002,13.887377363999999,6,4,63.60000000000001,1,4
798,HA_36,2.7,P,V,"3-[4-
(benzenesulfonyl)benzoyl]benzaldehyd
e","O=Cc1cccc(c1)C(=O)c1ccc(cc1)S(=O)(=O)c1c
cccc1",Reference,O=Cc1cccc(c1)C(=O)c1ccc(cc1)S(=O)(=O)c1ccccc1,3-[4-(benzenesulfonyl)benzoyl]benzaldehyde,O=Cc1cccc(C(=O)c2ccc(S(=O)(=O)c3ccccc3)cc2)c1,350.395,14.002451197120001,5,3,68.28,0,4
799,HA_37,2.7017,T,V,"4-({4-[4-
(benzenesulfonyl)phenoxy]phenyl}diph
enylmethyl)phenol","Oc1ccc(cc1)C(c1ccccc1)(c1ccccc1)c1ccc(Oc2c
cc(cc2)S(=O)(=O)c2ccccc2)cc1",Reference,Oc1ccc(cc1)C(c1ccccc1)(c1ccccc1)c1ccc(Oc2ccc(cc2)S(=O)(=O)c2ccccc2)cc1,4-({4-[4-(benzenesulfonyl)phenoxy]phenyl}diphenylmethyl)phenol,O=S(=O)(c1ccccc1)c1ccc(Oc2ccc(C(c3ccccc3)(c3ccccc3)c3ccc(O)cc3)cc2)cc1,568.6940000000002,13.527876913714286,8,6,63.60000000000001,1,4
800,HA_38,2.7051,T,V,4-(benzenesulfonyl)-2-nitrophenol,Oc1ccc(cc1[N+](=O)[O-])S(=O)(=O)c1ccccc1,Reference,Oc1ccc(cc1[N+](=O)[O-])S(=O)(=O)c1ccccc1,4-(benzenesulfonyl)-2-nitrophenol,O=[N+]([O-])c1cc(S(=O)(=O)c2ccccc2)ccc1O,279.273,14.685270704631579,3,2,97.51,1,5
801,HA_39,2.706,T,V,"6-[4-(benzenesulfonyl)phenoxy]-4-
methyl-5-phenyl-[1,1'-biphenyl]-3-ol","Cc1c(O)cc(c(Oc2ccc(cc2)S(=O)(=O)c2ccccc2)
c1c1ccccc1)c1ccccc1",Reference,Cc1c(O)cc(c(Oc2ccc(cc2)S(=O)(=O)c2ccccc2)c1c1ccccc1)c1ccccc1,"6-[4-(benzenesulfonyl)phenoxy]-4-methyl-5-phenyl-[1,1'-biphenyl]-3-ol",Cc1c(O)cc(-c2ccccc2)c(Oc2ccc(S(=O)(=O)c3ccccc3)cc2)c1-c1ccccc1,492.5960000000002,13.670542506888888,6,5,63.6,1,4
802,HA_40,2.7085,T,V,4-(benzenesulfonyl)naphthalen-1-ol,Oc1ccc(c2ccccc12)S(=O)(=O)c1ccccc1,Reference,Oc1ccc(c2ccccc12)S(=O)(=O)c1ccccc1,4-(benzenesulfonyl)naphthalen-1-ol,O=S(=O)(c1ccccc1)c1ccc(O)c2ccccc12,284.336,14.2025357622,2,3,54.370000000000005,1,3
803,HA_41,2.7085,T,V,5-(benzenesulfonyl)naphthalen-1-ol,Oc1cccc2c(cccc12)S(=O)(=O)c1ccccc1,Reference,Oc1cccc2c(cccc12)S(=O)(=O)c1ccccc1,5-(benzenesulfonyl)naphthalen-1-ol,O=S(=O)(c1ccccc1)c1cccc2c(O)cccc12,284.336,14.2025357622,2,3,54.370000000000005,1,3
804,HA_42,2.7102,T,V,4-(benzenesulfonyl)benzene-1-thiol,Sc1ccc(cc1)S(=O)(=O)c1ccccc1,Reference,Sc1ccc(cc1)S(=O)(=O)c1ccccc1,4-(benzenesulfonyl)benzene-1-thiol,O=S(=O)(c1ccccc1)c1ccc(S)cc1,250.344,15.6257638475,2,2,34.14,1,3
805,HA_43,2.7102,T,V,"6-[4-(benzenesulfonyl)phenoxy]-4,5-
diphenyl-[1,1'-biphenyl]-3-ol","Oc1cc(c(Oc2ccc(cc2)S(=O)(=O)c2ccccc2)c(c2
ccccc2)c1c1ccccc1)c1ccccc1",Reference,Oc1cc(c(Oc2ccc(cc2)S(=O)(=O)c2ccccc2)c(c2ccccc2)c1c1ccccc1)c1ccccc1,"6-[4-(benzenesulfonyl)phenoxy]-4,5-diphenyl-[1,1'-biphenyl]-3-ol",O=S(=O)(c1ccccc1)c1ccc(Oc2c(-c3ccccc3)cc(O)c(-c3ccccc3)c2-c2ccccc2)cc1,554.6670000000001,13.515980007609759,7,6,63.60000000000001,1,4
806,HA_44,2.7145,T,V,"4-{4-[4-
(benzenesulfonyl)phenoxy]benzenesulf
onyl}phenol","Oc1ccc(cc1)S(=O)(=O)c1ccc(Oc2ccc(cc2)S(=
O)(=O)c2ccccc2)cc1",Reference,Oc1ccc(cc1)S(=O)(=O)c1ccc(Oc2ccc(cc2)S(=O)(=O)c2ccccc2)cc1,4-{4-[4-(benzenesulfonyl)phenoxy]benzenesulfonyl}phenol,O=S(=O)(c1ccccc1)c1ccc(Oc2ccc(S(=O)(=O)c3ccc(O)cc3)cc2)cc1,466.5360000000001,14.564202509249998,6,4,97.74000000000001,1,6
807,HA_45,2.7186,T,V,4-(benzenesulfonyl)phenol,Oc1ccc(cc1)S(=O)(=O)c1ccccc1,Reference,Oc1ccc(cc1)S(=O)(=O)c1ccccc1,4-(benzenesulfonyl)phenol,O=S(=O)(c1ccccc1)c1ccc(O)cc1,234.27599999999998,14.62719157375,2,2,54.370000000000005,1,3
808,HA_46,2.7186,T,V,"4-{[5-(benzenesulfonyl)naphthalen-1-
yl]sulfonyl}phenol","Oc1ccc(cc1)S(=O)(=O)c1cccc2c(cccc12)S(=O)
(=O)c1ccccc1",Reference,Oc1ccc(cc1)S(=O)(=O)c1cccc2c(cccc12)S(=O)(=O)c1ccccc1,4-{[5-(benzenesulfonyl)naphthalen-1-yl]sulfonyl}phenol,O=S(=O)(c1ccccc1)c1cccc2c(S(=O)(=O)c3ccc(O)cc3)cccc12,424.49900000000014,14.622203986620688,4,4,88.51,1,5
809,HA_47,2.7186,P,V,"4-(2-{4-[4-
(benzenesulfonyl)phenoxy]phenyl}bicy
clo[2.2.1]heptan-2-yl)phenol","Oc1ccc(cc1)C1(CC2CCC1C2)c1ccc(Oc2ccc(c
c2)S(=O)(=O)c2ccccc2)cc1",Reference,Oc1ccc(cc1)C1(CC2CCC1C2)c1ccc(Oc2ccc(cc2)S(=O)(=O)c2ccccc2)cc1,4-(2-{4-[4-(benzenesulfonyl)phenoxy]phenyl}bicyclo[2.2.1]heptan-2-yl)phenol,O=S(=O)(c1ccccc1)c1ccc(Oc2ccc(C3(c4ccc(O)cc4)CC4CCC3C4)cc2)cc1,496.62800000000027,13.782523066,6,4,63.60000000000001,1,4
810,HA_48,2.7285,P,V,"4'-[4-(benzenesulfonyl)phenoxy]-
3,3',5,5'-tetramethyl-[1,1'-biphenyl]-4-
ol","Cc1cc(cc(C)c1O)c1cc(C)c(Oc2ccc(cc2)S(=O)(
=O)c2ccccc2)c(C)c1",Reference,Cc1cc(cc(C)c1O)c1cc(C)c(Oc2ccc(cc2)S(=O)(=O)c2ccccc2)c(C)c1,"4'-[4-(benzenesulfonyl)phenoxy]-3,3',5,5'-tetramethyl-[1,1'-biphenyl]-4-ol",Cc1cc(-c2cc(C)c(Oc3ccc(S(=O)(=O)c4ccccc4)cc3)c(C)c2)cc(C)c1O,458.5790000000002,13.883490312484847,5,4,63.60000000000001,1,4
811,HA_49,2.7309,T,V,"4'-(benzenesulfonyl)-[1,1'-biphenyl]-4-
ol",Oc1ccc(cc1)c1ccc(cc1)S(=O)(=O)c1ccccc1,Reference,Oc1ccc(cc1)c1ccc(cc1)S(=O)(=O)c1ccccc1,"4'-(benzenesulfonyl)-[1,1'-biphenyl]-4-ol",O=S(=O)(c1ccccc1)c1ccc(-c2ccc(O)cc2)cc1,310.37399999999997,14.093925695818182,3,3,54.370000000000005,1,3
812,HA_50,2.7309,T,V,"4-{4-[4-(benzenesulfonyl)phenoxy]-3,5-dimethylbenzenesulfonyl}-2,6-dimethylphenol",Cc1cc(cc(C)c1O)S(=O)(=O)c1cc(C)c(Oc2ccc(cc2)S(=O)(=O)c2ccccc2)c(C)c1,Reference,Cc1cc(cc(C)c1O)S(=O)(=O)c1cc(C)c(Oc2ccc(cc2)S(=O)(=O)c2ccccc2)c(C)c1,"4-{4-[4-(benzenesulfonyl)phenoxy]-3,5-dimethylbenzenesulfonyl}-2,6-dimethylphenol",Cc1cc(S(=O)(=O)c2cc(C)c(Oc3ccc(S(=O)(=O)c4ccccc4)cc3)c(C)c2)cc(C)c1O,522.6440000000002,14.503252237555554,6,4,97.74000000000001,1,6
813,HA_51,2.7309,P,V,"6-[4-(benzenesulfonyl)phenoxy]-2,4,5-triphenyl-[1,1'-biphenyl]-3-ol",Oc1c(c2ccccc2)c(c(Oc2ccc(cc2)S(=O)(=O)c2ccccc2)c(c2ccccc2)c1c1ccccc1)c1ccccc1,Reference,Oc1c(c2ccccc2)c(c(Oc2ccc(cc2)S(=O)(=O)c2ccccc2)c(c2ccccc2)c1c1ccccc1)c1ccccc1,"6-[4-(benzenesulfonyl)phenoxy]-2,4,5-triphenyl-[1,1'-biphenyl]-3-ol",O=S(=O)(c1ccccc1)c1ccc(Oc2c(-c3ccccc3)c(-c3ccccc3)c(O)c(-c3ccccc3)c2-c2ccccc2)cc1,630.7650000000001,13.408222988085107,8,7,63.60000000000001,1,4
814,HA_52,2.7349,P,V,"2-[4-(benzenesulfonyl)phenoxy]-3-
phenyl-5-{5-phenyl-[1,1'-biphenyl]-3-
yl}-1,1'-biphenyl","O=S(=O)(c1ccccc1)c1ccc(Oc2c(cc(cc2c2ccccc
2)c2cc(cc(c2)c2ccccc2)c2ccccc2)c2ccccc2)cc1",Reference,O=S(=O)(c1ccccc1)c1ccc(Oc2c(cc(cc2c2ccccc2)c2cc(cc(c2)c2ccccc2)c2ccccc2)c2ccccc2)cc1,"2-[4-(benzenesulfonyl)phenoxy]-3-phenyl-5-{5-phenyl-[1,1'-biphenyl]-3-yl}-1,1'-biphenyl",O=S(=O)(c1ccccc1)c1ccc(Oc2c(-c3ccccc3)cc(-c3cc(-c4ccccc4)cc(-c4ccccc4)c3)cc2-c2ccccc2)cc1,690.8640000000001,13.273516652846155,9,8,43.370000000000005,0,3
815,HA_53,2.7397,T,V,"4-{[4'-(benzenesulfonyl)-[1,1'-
biphenyl]-4-yl]sulfonyl}phenol","Oc1ccc(cc1)S(=O)(=O)c1ccc(cc1)c1ccc(cc1)S(
=O)(=O)c1ccccc1",Reference,Oc1ccc(cc1)S(=O)(=O)c1ccc(cc1)c1ccc(cc1)S(=O)(=O)c1ccccc1,"4-{[4'-(benzenesulfonyl)-[1,1'-biphenyl]-4-yl]sulfonyl}phenol",O=S(=O)(c1ccccc1)c1ccc(-c2ccc(S(=O)(=O)c3ccc(O)cc3)cc2)cc1,450.5370000000001,14.518050505677417,5,4,88.51,1,5
816,HA_54,2.7428,T,V,"4-(9-{4-[4-
(benzenesulfonyl)phenoxy]phenyl}-
9H-fluoren-9-yl)phenol","Oc1ccc(cc1)C1(c2ccccc2c2ccccc12)c1ccc(Oc2
ccc(cc2)S(=O)(=O)c2ccccc2)cc1",Reference,Oc1ccc(cc1)C1(c2ccccc2c2ccccc12)c1ccc(Oc2ccc(cc2)S(=O)(=O)c2ccccc2)cc1,4-(9-{4-[4-(benzenesulfonyl)phenoxy]phenyl}-9H-fluoren-9-yl)phenol,O=S(=O)(c1ccccc1)c1ccc(Oc2ccc(C3(c4ccc(O)cc4)c4ccccc4-c4ccccc43)cc2)cc1,566.6780000000002,13.479885245523812,6,6,63.60000000000001,1,4
817,HA_55,2.7436,P,V,"4'-[4-(benzenesulfonyl)phenoxy]-[1,1'-
binaphthalene]-4-ol","Oc1ccc(c2ccc(Oc3ccc(cc3)S(=O)(=O)c3ccccc3
)c3ccccc23)c2ccccc12",Reference,Oc1ccc(c2ccc(Oc3ccc(cc3)S(=O)(=O)c3ccccc3)c3ccccc23)c2ccccc12,"4'-[4-(benzenesulfonyl)phenoxy]-[1,1'-binaphthalene]-4-ol",O=S(=O)(c1ccccc1)c1ccc(Oc2ccc(-c3ccc(O)c4ccccc34)c3ccccc23)cc1,502.5910000000002,13.570915680648648,5,6,63.60000000000001,1,4
818,HA_56,2.7946,T,V,sulfonylbenzene,O=[S](=O)c1ccccc1,Reference,O=[S](=O)c1ccccc1,sulfonylbenzene,O=[S](=O)c1ccccc1,141.17099999999996,15.666780600000001,1,1,34.14,0,2
819,HA_57,2.8015,T,V,"4-sulfonyl-8-
oxatricyclo[7.4.0.0Ã‚Â²,?]trideca-
1(9),2(7),3,5,10,12-hexaene",O=[S](=O)c1ccc2oc3ccccc3c2c1,Reference,O=[S](=O)c1ccc2oc3ccccc3c2c1,"4-sulfonyl-8-oxatricyclo[7.4.0.0Ã‚Â²,?]trideca-1(9),2(7),3,5,10,12-hexaene",O=[S](=O)c1ccc2oc3ccccc3c2c1,231.25199999999998,14.43822438025,1,3,47.28,0,3
820,HA_A,2.6514,P,V,"4-(2-{4-[4-(benzenesulfonyl)phenoxy]-
3,5-bis(propan-2-yl)phenyl}propan-2-
yl)-2,6-bis(propan-2-yl)phenol","CC(C)c1cc(cc(C(C)C)c1O)C(C)(C)c1cc(C(C)
C)c(Oc2ccc(cc2)S(=O)(=O)c2ccccc2)c(c1)C(C
)C",Reference,CC(C)c1cc(cc(C(C)C)c1O)C(C)(C)c1cc(C(C)C)c(Oc2ccc(cc2)S(=O)(=O)c2ccccc2)c(c1)C(C)C,"4-(2-{4-[4-(benzenesulfonyl)phenoxy]-3,5-bis(propan-2-yl)phenyl}propan-2-yl)-2,6-bis(propan-2-yl)phenol",CC(C)c1cc(C(C)(C)c2cc(C(C)C)c(Oc3ccc(S(=O)(=O)c4ccccc4)cc3)c(C(C)C)c2)cc(C(C)C)c1O,612.8760000000002,13.916530250363634,10,4,63.60000000000001,1,4
821,HA_B,2.6667,P,V,"5-(2-{6-[4-(benzenesulfonyl)phenoxy]-
[1,1'-biphenyl]-3-yl}propan-2-yl)-[1,1'-
biphenyl]-2-ol","CC(C)(c1ccc(O)c(c1)c1ccccc1)c1ccc(Oc2ccc(c
c2)S(=O)(=O)c2ccccc2)c(c1)c1ccccc1",Reference,CC(C)(c1ccc(O)c(c1)c1ccccc1)c1ccc(Oc2ccc(cc2)S(=O)(=O)c2ccccc2)c(c1)c1ccccc1,"5-(2-{6-[4-(benzenesulfonyl)phenoxy]-[1,1'-biphenyl]-3-yl}propan-2-yl)-[1,1'-biphenyl]-2-ol",CC(C)(c1ccc(O)c(-c2ccccc2)c1)c1ccc(Oc2ccc(S(=O)(=O)c3ccccc3)cc2)c(-c2ccccc2)c1,596.7480000000003,13.550048420545453,8,6,63.6,1,4
822,HA_C,2.6676,T,V,"sodium 2-{4-[2-(4-
hydroxyphenyl)propan-2-yl]phenoxy}-
5-{3-
[(sodiooxy)sulfonyl]benzenesulfonyl}b
enzene-1-sulfonate","CC(C)(c1ccc(O)cc1)c1ccc(Oc2ccc(cc2S(=O)(=
O)O[Na])S(=O)(=O)c2cccc(c2)S(=O)(=O)O[N
a])cc1",Reference,CC(C)(c1ccc(O)cc1)c1ccc(Oc2ccc(cc2S(=O)(=O)O[Na])S(=O)(=O)c2cccc(c2)S(=O)(=O)O[Na])cc1,sodium 2-{4-[2-(4-hydroxyphenyl)propan-2-yl]phenoxy}-5-{3-[(sodiooxy)sulfonyl]benzenesulfonyl}benzene-1-sulfonate,CC(C)(c1ccc(O)cc1)c1ccc(Oc2ccc(S(=O)(=O)c3cccc(S(=O)(=O)[O][Na])c3)cc2S(=O)(=O)[O][Na])cc1,648.6440000000002,15.428977344380954,10,4,150.34,1,10
823,HA_D,2.6796,P,V,"4-(2-{4-[4-(benzenesulfonyl)phenoxy]-
3-chlorophenyl}propan-2-yl)-2-
chlorophenol","CC(C)(c1ccc(O)c(Cl)c1)c1ccc(Oc2ccc(cc2)S(=
O)(=O)c2ccccc2)c(Cl)c1",Reference,CC(C)(c1ccc(O)c(Cl)c1)c1ccc(Oc2ccc(cc2)S(=O)(=O)c2ccccc2)c(Cl)c1,4-(2-{4-[4-(benzenesulfonyl)phenoxy]-3-chlorophenyl}propan-2-yl)-2-chlorophenol,CC(C)(c1ccc(O)c(Cl)c1)c1ccc(Oc2ccc(S(=O)(=O)c3ccccc3)cc2)c(Cl)c1,513.4420000000001,15.060634868941175,6,4,63.6,1,4
824,HA_E,2.6796,T,V,"4-(2-{4-[4-
(benzenesulfonyl)phenoxy]phenyl}-
1,1,1,3,3,3-hexafluoropropan-2-
yl)phenol","Oc1ccc(cc1)C(c1ccc(Oc2ccc(cc2)S(=O)(=O)c2
ccccc2)cc1)(C(F)(F)F)C(F)(F)F",Reference,Oc1ccc(cc1)C(c1ccc(Oc2ccc(cc2)S(=O)(=O)c2ccccc2)cc1)(C(F)(F)F)C(F)(F)F,"4-(2-{4-[4-(benzenesulfonyl)phenoxy]phenyl}-1,1,1,3,3,3-hexafluoropropan-2-yl)phenol",O=S(=O)(c1ccccc1)c1ccc(Oc2ccc(C(c3ccc(O)cc3)(C(F)(F)F)C(F)(F)F)cc2)cc1,552.4920000000001,14.52849998357895,6,4,63.60000000000001,1,4
825,HA_F,2.706,P,V,"4-(2-{4-[4-(benzenesulfonyl)phenoxy]-3,5-dimethylphenyl}propan-2-yl)-2,6-dimethylphenol",Cc1cc(cc(C)c1O)C(C)(C)c1cc(C)c(Oc2ccc(cc2)S(=O)(=O)c2ccccc2)c(C)c1,Reference,Cc1cc(cc(C)c1O)C(C)(C)c1cc(C)c(Oc2ccc(cc2)S(=O)(=O)c2ccccc2)c(C)c1,"4-(2-{4-[4-(benzenesulfonyl)phenoxy]-3,5-dimethylphenyl}propan-2-yl)-2,6-dimethylphenol",Cc1cc(C(C)(C)c2cc(C)c(Oc3ccc(S(=O)(=O)c4ccccc4)cc3)c(C)c2)cc(C)c1O,500.6600000000002,13.89450362511111,6,4,63.60000000000001,1,4
826,HA_G,2.7309,T,V,"5-{6-[4-(benzenesulfonyl)phenoxy]-4,5-diphenyl-[1,1'-biphenyl]-3-yl}-3,4-diphenyl-[1,1'-biphenyl]-2-ol",Oc1c(cc(c2cc(c(Oc3ccc(cc3)S(=O)(=O)c3ccccc3)c(c3ccccc3)c2c2ccccc2)c2ccccc2)c(c2ccccc2)c1c1ccccc1)c1ccccc1,Reference,Oc1c(cc(c2cc(c(Oc3ccc(cc3)S(=O)(=O)c3ccccc3)c(c3ccccc3)c2c2ccccc2)c2ccccc2)c(c2ccccc2)c1c1ccccc1)c1ccccc1,"5-{6-[4-(benzenesulfonyl)phenoxy]-4,5-diphenyl-[1,1'-biphenyl]-3-yl}-3,4-diphenyl-[1,1'-biphenyl]-2-ol",O=S(=O)(c1ccccc1)c1ccc(Oc2c(-c3ccccc3)cc(-c3cc(-c4ccccc4)c(O)c(-c4ccccc4)c3-c3ccccc3)c(-c3ccccc3)c2-c2ccccc2)cc1,859.0590000000001,13.204313551138462,11,10,63.60000000000001,1,4
827,HA_H,2.7428,T,V,"5-{6-[4-(benzenesulfonyl)phenoxy]-4-
chloro-5-phenyl-[1,1'-biphenyl]-3-yl}-
3-phenyl-[1,1'-biphenyl]-2-ol","Oc1c(cc(cc1c1ccccc1)c1cc(c(Oc2ccc(cc2)S(=
O)(=O)c2ccccc2)c(c1Cl)c1ccccc1)c1ccccc1)c1
ccccc1",Reference,Oc1c(cc(cc1c1ccccc1)c1cc(c(Oc2ccc(cc2)S(=O)(=O)c2ccccc2)c(c1Cl)c1ccccc1)c1ccccc1)c1ccccc1,"5-{6-[4-(benzenesulfonyl)phenoxy]-4-chloro-5-phenyl-[1,1'-biphenyl]-3-yl}-3-phenyl-[1,1'-biphenyl]-2-ol",O=S(=O)(c1ccccc1)c1ccc(Oc2c(-c3ccccc3)cc(-c3cc(-c4ccccc4)c(O)c(-c4ccccc4)c3)c(Cl)c2-c2ccccc2)cc1,741.3080000000001,13.707014966962966,9,8,63.60000000000001,1,4
828,HA_I,2.7468,T,V,"5-{6-[4-(benzenesulfonyl)phenoxy]-4-
methyl-5-phenyl-[1,1'-biphenyl]-3-yl}-
4-methyl-3-phenyl-[1,1'-biphenyl]-2-ol","Cc1c(cc(c(O)c1c1ccccc1)c1ccccc1)c1cc(c(Oc2
ccc(cc2)S(=O)(=O)c2ccccc2)c(c1C)c1ccccc1)c
1ccccc1",Reference,Cc1c(cc(c(O)c1c1ccccc1)c1ccccc1)c1cc(c(Oc2ccc(cc2)S(=O)(=O)c2ccccc2)c(c1C)c1ccccc1)c1ccccc1,"5-{6-[4-(benzenesulfonyl)phenoxy]-4-methyl-5-phenyl-[1,1'-biphenyl]-3-yl}-4-methyl-3-phenyl-[1,1'-biphenyl]-2-ol",Cc1c(-c2cc(-c3ccccc3)c(Oc3ccc(S(=O)(=O)c4ccccc4)cc3)c(-c3ccccc3)c2C)cc(-c2ccccc2)c(O)c1-c1ccccc1,734.9170000000001,13.349983285381818,9,8,63.60000000000001,1,4
829,YL_01,2.7193,T,W,"2-(4-phenoxyphenyl)-4-{4-[4-
(quinolin-4-
yl)phenoxy]phenyl}quinoline","O(c1ccccc1)c1ccc(cc1)c1nc2ccccc2c(c1)c1ccc(
Oc2ccc(cc2)c2ccnc3ccccc23)cc1",Reference,O(c1ccccc1)c1ccc(cc1)c1nc2ccccc2c(c1)c1ccc(Oc2ccc(cc2)c2ccnc3ccccc23)cc1,2-(4-phenoxyphenyl)-4-{4-[4-(quinolin-4-yl)phenoxy]phenyl}quinoline,c1ccc(Oc2ccc(-c3cc(-c4ccc(Oc5ccc(-c6ccnc7ccccc67)cc5)cc4)c4ccccc4n3)cc2)cc1,592.6980000000001,12.874240829043478,7,8,44.24,0,4
830,YL_02,2.7642,T,W,"6-[(2-{[1,1'-biphenyl]-4-yl}-4-phenyl-
1,8a-dihydroquinolin-6-yl)oxy]-4-
phenylquinoline","N1=C(CC(=C2C1C=CC(=C2)Oc1ccc2nccc(c3
ccccc3)c2c1)c1ccccc1)c1ccc(cc1)c1ccccc1",Reference,N1=C(CC(=C2C1C=CC(=C2)Oc1ccc2nccc(c3ccccc3)c2c1)c1ccccc1)c1ccc(cc1)c1ccccc1,"6-[(2-{[1,1'-biphenyl]-4-yl}-4-phenyl-1,8a-dihydroquinolin-6-yl)oxy]-4-phenylquinoline",C1=CC2N=C(c3ccc(-c4ccccc4)cc3)CC(c3ccccc3)=C2C=C1Oc1ccc2nccc(-c3ccccc3)c2c1,578.7150000000003,12.849684746222222,6,6,34.480000000000004,0,3
831,YL_03,2.7316,T,W,"6-{[2-(4-phenoxyphenyl)-4-phenyl-
1,8a-dihydroquinolin-6-yl]oxy}-4-
phenylquinoline","N1=C(CC(=C2C1C=CC(=C2)Oc1ccc2nccc(c3
ccccc3)c2c1)c1ccccc1)c1ccc(Oc2ccccc2)cc1",Reference,N1=C(CC(=C2C1C=CC(=C2)Oc1ccc2nccc(c3ccccc3)c2c1)c1ccccc1)c1ccc(Oc2ccccc2)cc1,"6-{[2-(4-phenoxyphenyl)-4-phenyl-1,8a-dihydroquinolin-6-yl]oxy}-4-phenylquinoline",C1=CC2N=C(c3ccc(Oc4ccccc4)cc3)CC(c3ccccc3)=C2C=C1Oc1ccc2nccc(-c3ccccc3)c2c1,594.7140000000003,12.918059308695653,7,6,43.71,0,4
832,YL_04,2.791,P,W,"2-{[1,1'-biphenyl]-4-yl}-3-phenyl-4-
{4-[4-(3-phenylquinolin-4-
yl)phenoxy]phenyl}quinoline","O(c1ccc(cc1)c1c(c(nc2ccccc12)c1ccc(cc1)c1cc
ccc1)c1ccccc1)c1ccc(cc1)c1c(cnc2ccccc12)c1c
cccc1",Reference,O(c1ccc(cc1)c1c(c(nc2ccccc12)c1ccc(cc1)c1ccccc1)c1ccccc1)c1ccc(cc1)c1c(cnc2ccccc12)c1ccccc1,"2-{[1,1'-biphenyl]-4-yl}-3-phenyl-4-{4-[4-(3-phenylquinolin-4-yl)phenoxy]phenyl}quinoline",c1ccc(-c2ccc(-c3nc4ccccc4c(-c4ccc(Oc5ccc(-c6c(-c7ccccc7)cnc7ccccc67)cc5)cc4)c3-c3ccccc3)cc2)cc1,728.8950000000002,12.77689059249123,8,10,35.010000000000005,0,3
833,YL_05,2.7404,T,W,"4-(4-{4-[2-(4-phenoxyphenyl)-8,8a-
dihydroquinolin-4-
yl]phenoxy}phenyl)quinoline","C1C=CC=C2C1N=C(C=C2c1ccc(Oc2ccc(cc2)
c2ccnc3ccccc23)cc1)c1ccc(Oc2ccccc2)cc1",Reference,C1C=CC=C2C1N=C(C=C2c1ccc(Oc2ccc(cc2)c2ccnc3ccccc23)cc1)c1ccc(Oc2ccccc2)cc1,"4-(4-{4-[2-(4-phenoxyphenyl)-8,8a-dihydroquinolin-4-yl]phenoxy}phenyl)quinoline",C1=CCC2N=C(c3ccc(Oc4ccccc4)cc3)C=C(c3ccc(Oc4ccc(-c5ccnc6ccccc56)cc4)cc3)C2=C1,594.7140000000003,12.918059308695653,7,6,43.71,0,4
834,YL_06,2.7372,T,W,"2,3-diphenyl-4-{4-[4-(3-
phenylquinolin-4-
yl)phenoxy]phenyl}quinoline","O(c1ccc(cc1)c1c(c(nc2ccccc12)c1ccccc1)c1ccc
cc1)c1ccc(cc1)c1c(cnc2ccccc12)c1ccccc1",Reference,O(c1ccc(cc1)c1c(c(nc2ccccc12)c1ccccc1)c1ccccc1)c1ccc(cc1)c1c(cnc2ccccc12)c1ccccc1,"2,3-diphenyl-4-{4-[4-(3-phenylquinolin-4-yl)phenoxy]phenyl}quinoline",c1ccc(-c2cnc3ccccc3c2-c2ccc(Oc3ccc(-c4c(-c5ccccc5)c(-c5ccccc5)nc5ccccc45)cc3)cc2)cc1,652.7970000000003,12.789244385176472,7,9,35.010000000000005,0,3
835,YL_07,2.7672,T,W,"6-[(2,4-diphenylquinolin-6-yl)oxy]-
2,3,4-triphenylquinoline","O(c1cc2c(c3ccccc3)c(c3ccccc3)c(nc2cc1)c1ccc
cc1)c1ccc2nc(cc(c3ccccc3)c2c1)c1ccccc1",Reference,O(c1cc2c(c3ccccc3)c(c3ccccc3)c(nc2cc1)c1ccccc1)c1ccc2nc(cc(c3ccccc3)c2c1)c1ccccc1,"6-[(2,4-diphenylquinolin-6-yl)oxy]-2,3,4-triphenylquinoline",c1ccc(-c2cc(-c3ccccc3)c3cc(Oc4ccc5nc(-c6ccccc6)c(-c6ccccc6)c(-c6ccccc6)c5c4)ccc3n2)cc1,652.7970000000001,12.78924438517647,7,9,35.010000000000005,0,3
836,YL_08,2.7767,T,W,"3-{[1,1'-biphenyl]-4-yl}-6-{[4-
(cyclohexa-1,3-dien-1-yl)-2-
phenylquinolin-6-yl]oxy}-2,4-
diphenylquinoline","C1CC(=CC=C1)c1cc(nc2ccc(Oc3cc4c(c5ccccc
5)c(c5ccc(cc5)c5ccccc5)c(nc4cc3)c3ccccc3)cc
12)c1ccccc1",Reference,C1CC(=CC=C1)c1cc(nc2ccc(Oc3cc4c(c5ccccc5)c(c5ccc(cc5)c5ccccc5)c(nc4cc3)c3ccccc3)cc12)c1ccccc1,"3-{[1,1'-biphenyl]-4-yl}-6-{[4-(cyclohexa-1,3-dien-1-yl)-2-phenylquinolin-6-yl]oxy}-2,4-diphenylquinoline",C1=CCCC(c2cc(-c3ccccc3)nc3ccc(Oc4ccc5nc(-c6ccccc6)c(-c6ccc(-c7ccccc7)cc6)c(-c6ccccc6)c5c4)cc23)=C1,730.9110000000003,12.812252874315792,8,9,35.010000000000005,0,3
837,YL_10,2.8215,T,W,"3-{[1,1'-biphenyl]-4-yl}-2,2',4,4'-
tetraphenyl-6,6'-biquinoline","c1ccc(cc1)c1cc(nc2ccc(cc12)c1ccc2nc(c3ccccc
3)c(c3ccc(cc3)c3ccccc3)c(c3ccccc3)c2c1)c1cc
ccc1",Reference,c1ccc(cc1)c1cc(nc2ccc(cc12)c1ccc2nc(c3ccccc3)c(c3ccc(cc3)c3ccccc3)c(c3ccccc3)c2c1)c1ccccc1,"3-{[1,1'-biphenyl]-4-yl}-2,2',4,4'-tetraphenyl-6,6'-biquinoline",c1ccc(-c2ccc(-c3c(-c4ccccc4)nc4ccc(-c5ccc6nc(-c7ccccc7)cc(-c7ccccc7)c6c5)cc4c3-c3ccccc3)cc2)cc1,712.8960000000002,12.719425877714285,7,10,25.78,0,2
838,YL_11,2.8182,T,W,"10-phenyl-10-(4-{4-phenyl-6-[9-(4-phenylquinolin-6-yl)-9H-fluoren-9-yl]quinolin-2-yl}phenyl)-9,10-dihydroanthracen-9-one",O=C1c2ccccc2C(c2ccccc2)(c2ccc(cc2)c2cc(c3ccccc3)c3cc(ccc3n2)C2(c3ccccc3c3ccccc23)c2ccc3nccc(c4ccccc4)c3c2)c2ccccc12,Reference,O=C1c2ccccc2C(c2ccccc2)(c2ccc(cc2)c2cc(c3ccccc3)c3cc(ccc3n2)C2(c3ccccc3c3ccccc23)c2ccc3nccc(c4ccccc4)c3c2)c2ccccc12,"10-phenyl-10-(4-{4-phenyl-6-[9-(4-phenylquinolin-6-yl)-9H-fluoren-9-yl]quinolin-2-yl}phenyl)-9,10-dihydroanthracen-9-one",O=C1c2ccccc2C(c2ccccc2)(c2ccc(-c3cc(-c4ccccc4)c4cc(C5(c6ccc7nccc(-c8ccccc8)c7c6)c6ccccc6-c6ccccc65)ccc4n3)cc2)c2ccccc21,917.124,12.727018944833334,7,12,42.85,0,3
839,YL_12,2.8312,T,W,"10-{4-phenyl-2-[4-(9-phenyl-9H-fluoren-9-yl)phenyl]quinolin-6-yl}-10-(4-phenylquinolin-6-yl)-9,10-dihydroanthracen-9-one",O=C1c2ccccc2C(c2ccccc12)(c1ccc2nccc(c3ccccc3)c2c1)c1ccc2nc(cc(c3ccccc3)c2c1)c1ccc(cc1)C1(c2ccccc2c2ccccc12)c1ccccc1,Reference,O=C1c2ccccc2C(c2ccccc12)(c1ccc2nccc(c3ccccc3)c2c1)c1ccc2nc(cc(c3ccccc3)c2c1)c1ccc(cc1)C1(c2ccccc2c2ccccc12)c1ccccc1,"10-{4-phenyl-2-[4-(9-phenyl-9H-fluoren-9-yl)phenyl]quinolin-6-yl}-10-(4-phenylquinolin-6-yl)-9,10-dihydroanthracen-9-one",O=C1c2ccccc2C(c2ccc3nccc(-c4ccccc4)c3c2)(c2ccc3nc(-c4ccc(C5(c6ccccc6)c6ccccc6-c6ccccc65)cc4)cc(-c4ccccc4)c3c2)c2ccccc21,917.1240000000001,12.727018944833334,7,12,42.85,0,3
840,YL_13,2.7657,P,W,"4-phenyl-2-[4-(9-phenyl-9H-fluoren-9-
yl)phenyl]-6-[(4-phenylquinolin-6-
yl)oxy]quinoline","O(c1ccc2nccc(c3ccccc3)c2c1)c1ccc2nc(cc(c3c
cccc3)c2c1)c1ccc(cc1)C1(c2ccccc2c2ccccc12)
c1ccccc1",Reference,O(c1ccc2nccc(c3ccccc3)c2c1)c1ccc2nc(cc(c3ccccc3)c2c1)c1ccc(cc1)C1(c2ccccc2c2ccccc12)c1ccccc1,4-phenyl-2-[4-(9-phenyl-9H-fluoren-9-yl)phenyl]-6-[(4-phenylquinolin-6-yl)oxy]quinoline,c1ccc(-c2ccnc3ccc(Oc4ccc5nc(-c6ccc(C7(c8ccccc8)c8ccccc8-c8ccccc87)cc6)cc(-c6ccccc6)c5c4)cc23)cc1,740.9060000000002,12.763495927103447,7,10,35.010000000000005,0,3
841,YL_14,2.8388,P,W,"10-(4-{4,4'-diphenyl-[6,6'-biquinoline]-
2-yl}phenyl)-10-phenyl-9,10-
dihydroanthracen-9-one","O=C1c2ccccc2C(c2ccccc2)(c2ccc(cc2)c2cc(c3
ccccc3)c3cc(ccc3n2)c2ccc3nccc(c3c2)c2ccccc
2)c2ccccc12",Reference,O=C1c2ccccc2C(c2ccccc2)(c2ccc(cc2)c2cc(c3ccccc3)c3cc(ccc3n2)c2ccc3nccc(c3c2)c2ccccc2)c2ccccc12,"10-(4-{4,4'-diphenyl-[6,6'-biquinoline]-2-yl}phenyl)-10-phenyl-9,10-dihydroanthracen-9-one",O=C1c2ccccc2C(c2ccccc2)(c2ccc(-c3cc(-c4ccccc4)c4cc(-c5ccc6nccc(-c7ccccc7)c6c5)ccc4n3)cc2)c2ccccc21,752.9170000000001,12.750555318169493,6,10,42.85,0,3
842,YL_15,2.8149,T,W,"2-{[1,1'-biphenyl]-4-yl}-4-phenyl-6-[9-
(4-phenylquinolin-6-yl)-9H-fluoren-9-
yl]quinoline","c1ccc(cc1)c1ccc(cc1)c1cc(c2ccccc2)c2cc(ccc2
n1)C1(c2ccccc2c2ccccc12)c1ccc2nccc(c3ccccc
3)c2c1",Reference,c1ccc(cc1)c1ccc(cc1)c1cc(c2ccccc2)c2cc(ccc2n1)C1(c2ccccc2c2ccccc12)c1ccc2nccc(c3ccccc3)c2c1,"2-{[1,1'-biphenyl]-4-yl}-4-phenyl-6-[9-(4-phenylquinolin-6-yl)-9H-fluoren-9-yl]quinoline",c1ccc(-c2ccc(-c3cc(-c4ccccc4)c4cc(C5(c6ccc7nccc(-c8ccccc8)c7c6)c6ccccc6-c6ccccc65)ccc4n3)cc2)cc1,724.9070000000002,12.706804371087719,6,10,25.78,0,2
843,YL_16,2.7694,T,W,"2-(4-phenoxyphenyl)-4-phenyl-6-[9-(4-
phenylquinolin-6-yl)-3,9-dihydro-2H-
fluoren-9-yl]quinoline","C1CC=C2C(=C1)c1ccccc1C2(c1cc2c(cc(nc2cc
1)c1ccc(Oc2ccccc2)cc1)c1ccccc1)c1ccc2nccc(
c3ccccc3)c2c1",Reference,C1CC=C2C(=C1)c1ccccc1C2(c1cc2c(cc(nc2cc1)c1ccc(Oc2ccccc2)cc1)c1ccccc1)c1ccc2nccc(c3ccccc3)c2c1,"2-(4-phenoxyphenyl)-4-phenyl-6-[9-(4-phenylquinolin-6-yl)-3,9-dihydro-2H-fluoren-9-yl]quinoline",C1=C2C(=CCC1)C(c1ccc3nccc(-c4ccccc4)c3c1)(c1ccc3nc(-c4ccc(Oc5ccccc5)cc4)cc(-c4ccccc4)c3c1)c1ccccc12,742.9220000000001,12.798248514413793,7,9,35.010000000000005,0,3
844,YL_17,2.7731,T,W,"10-[2-(4-phenoxyphenyl)-4-
phenylquinolin-6-yl]-10-(4-
phenylquinolin-6-yl)-9,10-
dihydroanthracen-9-one","O=C1c2ccccc2C(c2cc3c(cc(nc3cc2)c2ccc(Oc3
ccccc3)cc2)c2ccccc2)(c2ccc3nccc(c4ccccc4)c3
c2)c2ccccc12",Reference,O=C1c2ccccc2C(c2cc3c(cc(nc3cc2)c2ccc(Oc3ccccc3)cc2)c2ccccc2)(c2ccc3nccc(c4ccccc4)c3c2)c2ccccc12,"10-[2-(4-phenoxyphenyl)-4-phenylquinolin-6-yl]-10-(4-phenylquinolin-6-yl)-9,10-dihydroanthracen-9-one",O=C1c2ccccc2C(c2ccc3nccc(-c4ccccc4)c3c2)(c2ccc3nc(-c4ccc(Oc5ccccc5)cc4)cc(-c4ccccc4)c3c2)c2ccccc21,768.9160000000002,12.8046279732,7,10,52.08,0,4
845,YL_18,2.8228,T,W,"2-{[1,1'-biphenyl]-4-yl}-4,6-
diphenylpyrido[3,2-g]quinoline","c1ccc(cc1)c1ccc(cc1)c1nc2cc3nccc(c4ccccc4)c
3cc2c(c1)c1ccccc1",Reference,c1ccc(cc1)c1ccc(cc1)c1nc2cc3nccc(c4ccccc4)c3cc2c(c1)c1ccccc1,"2-{[1,1'-biphenyl]-4-yl}-4,6-diphenylpyrido[3,2-g]quinoline",c1ccc(-c2ccc(-c3cc(-c4ccccc4)c4cc5c(-c6ccccc6)ccnc5cc4n3)cc2)cc1,484.60200000000015,12.741946020210527,4,7,25.78,0,2
846,YL_19,2.8142,T,W,"2-(4-phenoxyphenyl)-4,6-
diphenylpyrido[3,2-g]quinoline","O(c1ccccc1)c1ccc(cc1)c1cc(c2ccccc2)c2cc3c(c
cnc3cc2n1)c1ccccc1",Reference,O(c1ccccc1)c1ccc(cc1)c1cc(c2ccccc2)c2cc3c(ccnc3cc2n1)c1ccccc1,"2-(4-phenoxyphenyl)-4,6-diphenylpyrido[3,2-g]quinoline",c1ccc(Oc2ccc(-c3cc(-c4ccccc4)c4cc5c(-c6ccccc6)ccnc5cc4n3)cc2)cc1,500.60100000000017,12.825355471487182,5,7,35.010000000000005,0,3
847,YL_20,2.7945,P,W,"2,4,4'-triphenyl-6,6'-biquinoline","c1ccc(cc1)c1ccnc2ccc(cc12)c1ccc2nc(cc(c3ccc
cc3)c2c1)c1ccccc1",Reference,c1ccc(cc1)c1ccnc2ccc(cc12)c1ccc2nc(cc(c3ccccc3)c2c1)c1ccccc1,"2,4,4'-triphenyl-6,6'-biquinoline",c1ccc(-c2cc(-c3ccccc3)c3cc(-c4ccc5nccc(-c6ccccc6)c5c4)ccc3n2)cc1,484.60200000000015,12.741946020210525,4,7,25.78,0,2
848,YL_21,2.791,T,W,"4,4'-diphenyl-2-{4'-phenyl-[1,1'-
biphenyl]-4-yl}-6,6'-biquinoline","c1ccc(cc1)c1ccc(cc1)c1ccc(cc1)c1cc(c2ccccc2)
c2cc(ccc2n1)c1ccc2nccc(c3ccccc3)c2c1",Reference,c1ccc(cc1)c1ccc(cc1)c1ccc(cc1)c1cc(c2ccccc2)c2cc(ccc2n1)c1ccc2nccc(c3ccccc3)c2c1,"4,4'-diphenyl-2-{4'-phenyl-[1,1'-biphenyl]-4-yl}-6,6'-biquinoline",c1ccc(-c2ccc(-c3ccc(-c4cc(-c5ccccc5)c5cc(-c6ccc7nccc(-c8ccccc8)c7c6)ccc5n4)cc3)cc2)cc1,636.7980000000002,12.725130980479998,6,9,25.78,0,2
849,YL_22,2.7945,T,W,"2-(4'-{[1,1'-biphenyl]-4-yl}-[1,1'-
biphenyl]-4-yl)-4,4'-diphenyl-6,6'-
biquinoline","c1ccc(cc1)c1ccc(cc1)c1ccc(cc1)c1ccc(cc1)c1cc
(c2cc(ccc2n1)c1ccc2nccc(c3ccccc3)c2c1)c1ccc
cc1",Reference,c1ccc(cc1)c1ccc(cc1)c1ccc(cc1)c1ccc(cc1)c1cc(c2cc(ccc2n1)c1ccc2nccc(c3ccccc3)c2c1)c1ccccc1,"2-(4'-{[1,1'-biphenyl]-4-yl}-[1,1'-biphenyl]-4-yl)-4,4'-diphenyl-6,6'-biquinoline",c1ccc(-c2ccc(-c3ccc(-c4ccc(-c5cc(-c6ccccc6)c6cc(-c7ccc8nccc(-c9ccccc9)c8c7)ccc6n5)cc4)cc3)cc2)cc1,712.8960000000002,12.719425877714285,7,10,25.78,0,2
850,YL_23,2.8014,P,W,"2-{[1,1'-biphenyl]-4-yl}-3,3',4,4'-
tetraphenyl-6,6'-biquinoline","c1ccc(cc1)c1c(cnc2ccc(cc12)c1ccc2nc(c3ccc(c
c3)c3ccccc3)c(c3ccccc3)c(c3ccccc3)c2c1)c1cc
ccc1",Reference,c1ccc(cc1)c1c(cnc2ccc(cc12)c1ccc2nc(c3ccc(cc3)c3ccccc3)c(c3ccccc3)c(c3ccccc3)c2c1)c1ccccc1,"2-{[1,1'-biphenyl]-4-yl}-3,3',4,4'-tetraphenyl-6,6'-biquinoline",c1ccc(-c2ccc(-c3nc4ccc(-c5ccc6ncc(-c7ccccc7)c(-c7ccccc7)c6c5)cc4c(-c4ccccc4)c3-c3ccccc3)cc2)cc1,712.8960000000003,12.719425877714285,7,10,25.78,0,2
851,YL_24,2.7619,T,W,"2-(4-phenoxyphenyl)-4,4'-diphenyl-
6,6'-biquinoline","O(c1ccccc1)c1ccc(cc1)c1cc(c2ccccc2)c2cc(ccc
2n1)c1ccc2nccc(c3ccccc3)c2c1",Reference,O(c1ccccc1)c1ccc(cc1)c1cc(c2ccccc2)c2cc(ccc2n1)c1ccc2nccc(c3ccccc3)c2c1,"2-(4-phenoxyphenyl)-4,4'-diphenyl-6,6'-biquinoline",c1ccc(Oc2ccc(-c3cc(-c4ccccc4)c4cc(-c5ccc6nccc(-c7ccccc7)c6c5)ccc4n3)cc2)cc1,576.6990000000002,12.804892522577779,6,8,35.010000000000005,0,3
852,YL_25,2.7966,T,W,"2-(4-phenoxyphenyl)pyrazino[2,3-
g]quinoxaline",O(c1ccccc1)c1ccc(cc1)c1nc2cc3nccnc3cc2nc1,Reference,O(c1ccccc1)c1ccc(cc1)c1nc2cc3nccnc3cc2nc1,"2-(4-phenoxyphenyl)pyrazino[2,3-g]quinoxaline",c1ccc(Oc2ccc(-c3cnc4cc5nccnc5cc4n3)cc2)cc1,350.3810000000001,12.967287446962963,3,5,60.790000000000006,0,5
853,YL_26,2.8096,T,W,"2,3-diphenyl-6-{7-phenylpyrazino[2,3-g]quinoxalin-2-yl}quinoxaline",c1ccc(cc1)c1cnc2cc3nc(cnc3cc2n1)c1cc2nc(c(nc2cc1)c1ccccc1)c1ccccc1,Reference,c1ccc(cc1)c1cnc2cc3nc(cnc3cc2n1)c1cc2nc(c(nc2cc1)c1ccccc1)c1ccccc1,"2,3-diphenyl-6-{7-phenylpyrazino[2,3-g]quinoxalin-2-yl}quinoxaline",c1ccc(-c2cnc3cc4nc(-c5ccc6nc(-c7ccccc7)c(-c7ccccc7)nc6c5)cnc4cc3n2)cc1,538.6140000000001,12.81406177866667,4,8,77.34,0,6
854,YL_27,2.791,T,W,"2,3-diphenyl-6-[(6-phenylnaphthalen-2-yl)sulfonyl]quinoxaline",O=S(=O)(c1cc2c(cc1)cc(cc2)c1ccccc1)c1cc2c(cc1)nc(c1ccccc1)c(n2)c1ccccc1,Reference,O=S(=O)(c1cc2c(cc1)cc(cc2)c1ccccc1)c1cc2c(cc1)nc(c1ccccc1)c(n2)c1ccccc1,"2,3-diphenyl-6-[(6-phenylnaphthalen-2-yl)sulfonyl]quinoxaline",O=S(=O)(c1ccc2cc(-c3ccccc3)ccc2c1)c1ccc2nc(-c3ccccc3)c(-c3ccccc3)nc2c1,548.6670000000001,13.369654853853659,5,7,59.92,0,4
855,YL_28,2.7889,P,W,"2-phenyl-7-(quinoxaline-6-
sulfonyl)quinoxaline","O=S(=O)(c1cc2nc(cnc2cc1)c1ccccc1)c1ccc2nc
cnc2c1",Reference,O=S(=O)(c1cc2nc(cnc2cc1)c1ccccc1)c1ccc2nccnc2c1,2-phenyl-7-(quinoxaline-6-sulfonyl)quinoxaline,O=S(=O)(c1ccc2nccnc2c1)c1ccc2ncc(-c3ccccc3)nc2c1,398.4470000000001,13.72702574786207,3,5,85.7,0,6
856,YL_29,2.7716,T,W,"2-phenyl-7-(quinoxaline-6-
carbonyl)quinoxaline","O=C(c1cc2nc(cnc2cc1)c1ccccc1)c1ccc2nccnc2
c1",Reference,O=C(c1cc2nc(cnc2cc1)c1ccccc1)c1ccc2nccnc2c1,2-phenyl-7-(quinoxaline-6-carbonyl)quinoxaline,O=C(c1ccc2nccnc2c1)c1ccc2ncc(-c3ccccc3)nc2c1,362.39200000000005,12.932741466714287,3,5,68.63,0,5
857,YL_30,2.7627,T,W,"2-phenyl-7-(quinoxalin-6-
yloxy)quinoxaline",O(c1cc2nc(cnc2cc1)c1ccccc1)c1ccc2nccnc2c1,Reference,O(c1cc2nc(cnc2cc1)c1ccccc1)c1ccc2nccnc2c1,2-phenyl-7-(quinoxalin-6-yloxy)quinoxaline,c1ccc(-c2cnc3ccc(Oc4ccc5nccnc5c4)cc3n2)cc1,350.38100000000003,12.967287446962963,3,5,60.790000000000006,0,5
858,YL_31,2.7582,T,W,"3-(4-phenoxyphenyl)-2,2'-diphenyl-
6,6'-biquinoxaline","O(c1ccccc1)c1ccc(cc1)c1c(nc2ccc(cc2n1)c1cc
c2nc(cnc2c1)c1ccccc1)c1ccccc1",Reference,O(c1ccccc1)c1ccc(cc1)c1c(nc2ccc(cc2n1)c1ccc2nc(cnc2c1)c1ccccc1)c1ccccc1,"3-(4-phenoxyphenyl)-2,2'-diphenyl-6,6'-biquinoxaline",c1ccc(Oc2ccc(-c3nc4cc(-c5ccc6nc(-c7ccccc7)cnc6c5)ccc4nc3-c3ccccc3)cc2)cc1,578.6750000000003,12.849125810044447,6,8,60.790000000000006,0,5
859,YL_32,2.7619,T,W,"3-(4-phenoxyphenyl)-6,6'-
biquinoxaline","O(c1ccccc1)c1ccc(cc1)c1nc2c(ccc(c2)c2ccc3n
ccnc3c2)nc1",Reference,O(c1ccccc1)c1ccc(cc1)c1nc2c(ccc(c2)c2ccc3nccnc3c2)nc1,"3-(4-phenoxyphenyl)-6,6'-biquinoxaline",c1ccc(Oc2ccc(-c3cnc4ccc(-c5ccc6nccnc6c5)cc4n3)cc2)cc1,426.4790000000001,12.913577612000003,4,6,60.790000000000006,0,5
860,YL_33,2.7251,T,W,"3-(4-phenoxyphenyl)-2-phenyl-6-[(2-
phenylquinoxalin-6-yl)oxy]quinoxaline","O(c1ccccc1)c1ccc(cc1)c1c(nc2ccc(Oc3ccc4nc(
cnc4c3)c3ccccc3)cc2n1)c1ccccc1",Reference,O(c1ccccc1)c1ccc(cc1)c1c(nc2ccc(Oc3ccc4nc(cnc4c3)c3ccccc3)cc2n1)c1ccccc1,3-(4-phenoxyphenyl)-2-phenyl-6-[(2-phenylquinoxalin-6-yl)oxy]quinoxaline,c1ccc(Oc2ccc(-c3nc4cc(Oc5ccc6nc(-c7ccccc7)cnc6c5)ccc4nc3-c3ccccc3)cc2)cc1,594.6740000000002,12.91751252330435,7,8,70.02000000000001,0,6
861,YL_34,2.7059,T,W,"3-[4-(4-phenoxyphenoxy)phenyl]-6,6'-
biquinoxaline","O(c1ccccc1)c1ccc(Oc2ccc(cc2)c2cnc3ccc(cc3n
2)c2ccc3nccnc3c2)cc1",Reference,O(c1ccccc1)c1ccc(Oc2ccc(cc2)c2cnc3ccc(cc3n2)c2ccc3nccnc3c2)cc1,"3-[4-(4-phenoxyphenoxy)phenyl]-6,6'-biquinoxaline",c1ccc(Oc2ccc(Oc3ccc(-c4cnc5ccc(-c6ccc7nccnc7c6)cc5n4)cc3)cc2)cc1,518.5760000000002,12.954356898600002,6,7,70.02000000000001,0,6
862,YL_35,2.7226,T,W,"6-[(2,4-diphenylquinolin-6-yl)oxy]-3-
(4-phenoxyphenyl)-2,4-
diphenylquinoline","O(c1ccc(cc1)c1c(nc2ccc(Oc3ccc4nc(cc(c5cccc
c5)c4c3)c3ccccc3)cc2c1c1ccccc1)c1ccccc1)c1
ccccc1",Reference,O(c1ccc(cc1)c1c(nc2ccc(Oc3ccc4nc(cc(c5ccccc5)c4c3)c3ccccc3)cc2c1c1ccccc1)c1ccccc1)c1ccccc1,"6-[(2,4-diphenylquinolin-6-yl)oxy]-3-(4-phenoxyphenyl)-2,4-diphenylquinoline",c1ccc(Oc2ccc(-c3c(-c4ccccc4)nc4ccc(Oc5ccc6nc(-c7ccccc7)cc(-c7ccccc7)c6c5)cc4c3-c3ccccc3)cc2)cc1,744.8940000000002,12.83237376537931,9,10,44.24,0,4
863,YL_36,2.8082,T,W,"2,2',3,4,4'-pentaphenyl-6,6'-biquinoline","c1ccc(cc1)c1nc2c(cc(cc2)c2cc3c(cc2)nc(c2ccc
cc2)c(c2ccccc2)c3c2ccccc2)c(c1)c1ccccc1",Reference,c1ccc(cc1)c1nc2c(cc(cc2)c2cc3c(cc2)nc(c2ccccc2)c(c2ccccc2)c3c2ccccc2)c(c1)c1ccccc1,"2,2',3,4,4'-pentaphenyl-6,6'-biquinoline",c1ccc(-c2cc(-c3ccccc3)c3cc(-c4ccc5nc(-c6ccccc6)c(-c6ccccc6)c(-c6ccccc6)c5c4)ccc3n2)cc1,636.7980000000001,12.725130980479998,6,9,25.78,0,2
864,YL_37,2.7952,P,W,"2,3,3'-triphenyl-6,6'-biquinoxaline","c1ccc(cc1)c1nc2cc(ccc2nc1)c1cc2nc(c3ccccc3)
c(nc2cc1)c1ccccc1",Reference,c1ccc(cc1)c1nc2cc(ccc2nc1)c1cc2nc(c3ccccc3)c(nc2cc1)c1ccccc1,"2,3,3'-triphenyl-6,6'-biquinoxaline",c1ccc(-c2cnc3ccc(-c4ccc5nc(-c6ccccc6)c(-c6ccccc6)nc5c4)cc3n2)cc1,486.57800000000015,12.794327544842107,4,7,51.56,0,4
865,YL_38,2.7619,T,W,"3,3'-bis(4-methoxyphenyl)-2-phenyl-
6,6'-biquinoxaline","COc1ccc(cc1)c1nc2c(ccc(c2)c2cc3c(cc2)nc(c2
ccccc2)c(n3)c2ccc(OC)cc2)nc1",Reference,COc1ccc(cc1)c1nc2c(ccc(c2)c2cc3c(cc2)nc(c2ccccc2)c(n3)c2ccc(OC)cc2)nc1,"3,3'-bis(4-methoxyphenyl)-2-phenyl-6,6'-biquinoxaline",COc1ccc(-c2cnc3ccc(-c4ccc5nc(-c6ccccc6)c(-c6ccc(OC)cc6)nc5c4)cc3n2)cc1,546.6300000000002,13.004894668380953,6,7,70.02000000000001,0,6
866,YL_39,2.7782,P,W,"3,3'-bis({[1,1'-biphenyl]-4-yl})-2-
phenyl-6,6'-biquinoxaline","c1ccc(cc1)c1ccc(cc1)c1c(nc2ccc(cc2n1)c1ccc2
ncc(nc2c1)c1ccc(cc1)c1ccccc1)c1ccccc1",Reference,c1ccc(cc1)c1ccc(cc1)c1c(nc2ccc(cc2n1)c1ccc2ncc(nc2c1)c1ccc(cc1)c1ccccc1)c1ccccc1,"3,3'-bis({[1,1'-biphenyl]-4-yl})-2-phenyl-6,6'-biquinoxaline",c1ccc(-c2ccc(-c3cnc4ccc(-c5ccc6nc(-c7ccccc7)c(-c7ccc(-c8ccccc8)cc7)nc6c5)cc4n3)cc2)cc1,638.7740000000001,12.7649409392,6,9,51.56,0,4
867,YL_40,2.8116,T,W,"4-[3'-(4-hydroxyphenyl)-2'-phenyl-
[6,6'-biquinoxaline]-3-yl]phenol","Oc1ccc(cc1)c1nc2cc(ccc2nc1)c1cc2nc(c3ccc(
O)cc3)c(nc2cc1)c1ccccc1",Reference,Oc1ccc(cc1)c1nc2cc(ccc2nc1)c1cc2nc(c3ccc(O)cc3)c(nc2cc1)c1ccccc1,"4-[3'-(4-hydroxyphenyl)-2'-phenyl-[6,6'-biquinoxaline]-3-yl]phenol",Oc1ccc(-c2cnc3ccc(-c4ccc5nc(-c6ccccc6)c(-c6ccc(O)cc6)nc5c4)cc3n2)cc1,518.5760000000002,12.9543568986,4,7,92.02000000000001,2,6
868,YL_41,2.7679,P,W,"3,3'-bis(4-bromophenyl)-2-(4-
phenoxyphenyl)-6,6'-biquinoxaline","Brc1ccc(cc1)c1nc2cc(ccc2nc1)c1cc2c(cc1)nc(c
1ccc(Oc3ccccc3)cc1)c(n2)c1ccc(Br)cc1",Reference,Brc1ccc(cc1)c1nc2cc(ccc2nc1)c1cc2c(cc1)nc(c1ccc(Oc3ccccc3)cc1)c(n2)c1ccc(Br)cc1,"3,3'-bis(4-bromophenyl)-2-(4-phenoxyphenyl)-6,6'-biquinoxaline",Brc1ccc(-c2cnc3ccc(-c4ccc5nc(-c6ccc(Oc7ccccc7)cc6)c(-c6ccc(Br)cc6)nc5c4)cc3n2)cc1,736.4670000000001,15.617695438042553,6,8,60.790000000000006,0,5
869,YL_42,2.73,T,W,"2-[4-(4-phenoxyphenoxy)phenyl]-3-
phenyl-6-(3-phenylquinoxaline-6-
carbonyl)quinoxaline","O=C(c1cc2nc(c3ccccc3)c(nc2cc1)c1ccc(Oc2cc
c(Oc3ccccc3)cc2)cc1)c1ccc2ncc(nc2c1)c1cccc
c1",Reference,O=C(c1cc2nc(c3ccccc3)c(nc2cc1)c1ccc(Oc2ccc(Oc3ccccc3)cc2)cc1)c1ccc2ncc(nc2c1)c1ccccc1,2-[4-(4-phenoxyphenoxy)phenyl]-3-phenyl-6-(3-phenylquinoxaline-6-carbonyl)quinoxaline,O=C(c1ccc2ncc(-c3ccccc3)nc2c1)c1ccc2nc(-c3ccc(Oc4ccc(Oc5ccccc5)cc4)cc3)c(-c3ccccc3)nc2c1,698.7820000000003,12.930218348518517,9,9,87.09,0,7
870,YL_43,2.7619,P,W,"3-{4'-phenyl-[1,1'-biphenyl]-4-yl}-6,6'-
biquinoxaline","c1ccc(cc1)c1ccc(cc1)c1ccc(cc1)c1cnc2ccc(cc2
n1)c1ccc2nccnc2c1",Reference,c1ccc(cc1)c1ccc(cc1)c1ccc(cc1)c1cnc2ccc(cc2n1)c1ccc2nccnc2c1,"3-{4'-phenyl-[1,1'-biphenyl]-4-yl}-6,6'-biquinoxaline",c1ccc(-c2ccc(-c3ccc(-c4cnc5ccc(-c6ccc7nccnc7c6)cc5n4)cc3)cc2)cc1,486.5780000000001,12.794327544842107,4,7,51.56,0,4
871,YL_44,2.7404,P,W,"2,3-diphenyl-6-[(2-phenylquinoxalin-6-yl)oxy]quinoxaline",O(c1cc2c(cc1)nc(cn2)c1ccccc1)c1cc2nc(c3ccccc3)c(nc2cc1)c1ccccc1,Reference,O(c1cc2c(cc1)nc(cn2)c1ccccc1)c1cc2nc(c3ccccc3)c(nc2cc1)c1ccccc1,"2,3-diphenyl-6-[(2-phenylquinoxalin-6-yl)oxy]quinoxaline",c1ccc(-c2cnc3cc(Oc4ccc5nc(-c6ccccc6)c(-c6ccccc6)nc5c4)ccc3n2)cc1,502.57700000000017,12.876393880102565,5,7,60.790000000000006,0,5
872,YL_45,2.7559,T,W,"3-{[1,1'-biphenyl]-4-yl}-2-phenyl-6-[(2-phenylquinoxalin-6-yl)oxy]quinoxaline",O(c1cc2nc(c3ccc(cc3)c3ccccc3)c(nc2cc1)c1ccccc1)c1ccc2nc(cnc2c1)c1ccccc1,Reference,O(c1cc2nc(c3ccc(cc3)c3ccccc3)c(nc2cc1)c1ccccc1)c1ccc2nc(cnc2c1)c1ccccc1,"3-{[1,1'-biphenyl]-4-yl}-2-phenyl-6-[(2-phenylquinoxalin-6-yl)oxy]quinoxaline",c1ccc(-c2ccc(-c3nc4cc(Oc5ccc6nc(-c7ccccc7)cnc6c5)ccc4nc3-c3ccccc3)cc2)cc1,578.6750000000003,12.849125810044447,6,8,60.790000000000006,0,5
873,YL_46,2.7582,T,W,"2,4-diphenyl-6-[(4-phenylquinolin-6-
yl)oxy]quinoline","O(c1ccc2nccc(c3ccccc3)c2c1)c1ccc2nc(cc(c3c
cccc3)c2c1)c1ccccc1",Reference,O(c1ccc2nccc(c3ccccc3)c2c1)c1ccc2nc(cc(c3ccccc3)c2c1)c1ccccc1,"2,4-diphenyl-6-[(4-phenylquinolin-6-yl)oxy]quinoline",c1ccc(-c2cc(-c3ccccc3)c3cc(Oc4ccc5nccc(-c6ccccc6)c5c4)ccc3n2)cc1,500.60100000000017,12.82535547148718,5,7,35.010000000000005,0,3
874,YL_47,2.7782,T,W,"2-{[1,1'-biphenyl]-4-yl}-4-{4-[4-
(quinolin-4-
yl)phenoxy]phenyl}quinoline","O(c1ccc(cc1)c1cc(nc2ccccc12)c1ccc(cc1)c1ccc
cc1)c1ccc(cc1)c1ccnc2ccccc12",Reference,O(c1ccc(cc1)c1cc(nc2ccccc12)c1ccc(cc1)c1ccccc1)c1ccc(cc1)c1ccnc2ccccc12,"2-{[1,1'-biphenyl]-4-yl}-4-{4-[4-(quinolin-4-yl)phenoxy]phenyl}quinoline",c1ccc(-c2ccc(-c3cc(-c4ccc(Oc5ccc(-c6ccnc7ccccc67)cc5)cc4)c4ccccc4n3)cc2)cc1,576.6990000000002,12.804892522577779,6,8,35.010000000000005,0,3
875,YL_48,2.7619,T,W,"3-(4-phenoxyphenyl)-2,2',4,4'-
tetraphenyl-6,6'-biquinoline","O(c1ccccc1)c1ccc(cc1)c1c(nc2ccc(cc2c1c1ccc
cc1)c1ccc2nc(cc(c3ccccc3)c2c1)c1ccccc1)c1cc
ccc1",Reference,O(c1ccccc1)c1ccc(cc1)c1c(nc2ccc(cc2c1c1ccccc1)c1ccc2nc(cc(c3ccccc3)c2c1)c1ccccc1)c1ccccc1,"3-(4-phenoxyphenyl)-2,2',4,4'-tetraphenyl-6,6'-biquinoline",c1ccc(Oc2ccc(-c3c(-c4ccccc4)nc4ccc(-c5ccc6nc(-c7ccccc7)cc(-c7ccccc7)c6c5)cc4c3-c3ccccc3)cc2)cc1,728.8950000000002,12.77689059249123,8,10,35.010000000000005,0,3
876,YL_49,2.8215,P,W,"4-phenyl-2-[4-(9-phenyl-9H-fluoren-9-
yl)phenyl]-6-[9-(4-phenylquinolin-6-
yl)-9H-fluoren-9-yl]quinoline","c1ccc(cc1)c1c2cc(ccc2nc(c1)c1ccc(cc1)C1(c2c
cccc2c2ccccc12)c1ccccc1)C1(c2ccccc2c2c1ccc
c2)c1ccc2nccc(c3ccccc3)c2c1",Reference,c1ccc(cc1)c1c2cc(ccc2nc(c1)c1ccc(cc1)C1(c2ccccc2c2ccccc12)c1ccccc1)C1(c2ccccc2c2c1cccc2)c1ccc2nccc(c3ccccc3)c2c1,4-phenyl-2-[4-(9-phenyl-9H-fluoren-9-yl)phenyl]-6-[9-(4-phenylquinolin-6-yl)-9H-fluoren-9-yl]quinoline,c1ccc(-c2ccnc3ccc(C4(c5ccc6nc(-c7ccc(C8(c9ccccc9)c9ccccc9-c9ccccc98)cc7)cc(-c7ccccc7)c6c5)c5ccccc5-c5ccccc54)cc23)cc1,889.114,12.69072070582857,7,12,25.78,0,2
877,YL_50,2.8215,T,W,"10-(4-{6-[10-oxo-9-(4-phenylquinolin-
6-yl)-9,10-dihydroanthracen-9-yl]-4-
phenylquinolin-2-yl}phenyl)-10-
phenyl-9,10-dihydroanthracen-9-one","O=C1c2ccccc2C(c2ccccc2)(c2ccc(cc2)c2cc(c3
ccccc3)c3cc(ccc3n2)C2(c3ccc4nccc(c4c3)c3cc
ccc3)c3ccccc3C(=O)c3c2cccc3)c2c1cccc2",Reference,O=C1c2ccccc2C(c2ccccc2)(c2ccc(cc2)c2cc(c3ccccc3)c3cc(ccc3n2)C2(c3ccc4nccc(c4c3)c3ccccc3)c3ccccc3C(=O)c3c2cccc3)c2c1cccc2,"10-(4-{6-[10-oxo-9-(4-phenylquinolin-6-yl)-9,10-dihydroanthracen-9-yl]-4-phenylquinolin-2-yl}phenyl)-10-phenyl-9,10-dihydroanthracen-9-one",O=C1c2ccccc2C(c2ccccc2)(c2ccc(-c3cc(-c4ccccc4)c4cc(C5(c6ccc7nccc(-c8ccccc8)c7c6)c6ccccc6C(=O)c6ccccc65)ccc4n3)cc2)c2ccccc21,945.134,12.761355116864866,7,12,59.92,0,4
878,YL_51,2.7875,T,W,"10-phenyl-10-(4-{4-phenyl-6-[(4-
phenylquinolin-6-yl)oxy]quinolin-2-
yl}phenyl)-9,10-dihydroanthracen-9-
one","O=C1c2ccccc2C(c2ccc(cc2)c2cc(c3ccccc3)c3c
c(Oc4ccc5nccc(c6ccccc6)c5c4)ccc3n2)(c2c1cc
cc2)c1ccccc1",Reference,O=C1c2ccccc2C(c2ccc(cc2)c2cc(c3ccccc3)c3cc(Oc4ccc5nccc(c6ccccc6)c5c4)ccc3n2)(c2c1cccc2)c1ccccc1,"10-phenyl-10-(4-{4-phenyl-6-[(4-phenylquinolin-6-yl)oxy]quinolin-2-yl}phenyl)-9,10-dihydroanthracen-9-one",O=C1c2ccccc2C(c2ccccc2)(c2ccc(-c3cc(-c4ccccc4)c4cc(Oc5ccc6nccc(-c7ccccc7)c6c5)ccc4n3)cc2)c2ccccc21,768.916,12.8046279732,7,10,52.08,0,4
879,YL_52,2.8169,T,W,"2-{[1,1'-biphenyl]-4-yl}-4,9-
diphenylpyrido[2,3-g]quinoline","c1ccc(cc1)c1ccc(cc1)c1nc2cc3c(ccnc3cc2c(c1)
c1ccccc1)c1ccccc1",Reference,c1ccc(cc1)c1ccc(cc1)c1nc2cc3c(ccnc3cc2c(c1)c1ccccc1)c1ccccc1,"2-{[1,1'-biphenyl]-4-yl}-4,9-diphenylpyrido[2,3-g]quinoline",c1ccc(-c2ccc(-c3cc(-c4ccccc4)c4cc5nccc(-c6ccccc6)c5cc4n3)cc2)cc1,484.60200000000015,12.741946020210525,4,7,25.78,0,2
880,YL_53,2.8376,T,W,4-phenylquinoline,c1ccc(cc1)c1ccnc2ccccc12,Reference,c1ccc(cc1)c1ccnc2ccccc12,4-phenylquinoline,c1ccc(-c2ccnc3ccccc23)cc1,205.26,12.8180718345,1,3,12.89,0,1
881,YL_54,2.8082,P,W,"2,3,3',4,4'-pentaphenyl-6,6'-biquinoline","c1ccc(cc1)c1c(c2ccccc2)c(c2cc(ccc2n1)c1ccc2
ncc(c3ccccc3)c(c3ccccc3)c2c1)c1ccccc1",Reference,c1ccc(cc1)c1c(c2ccccc2)c(c2cc(ccc2n1)c1ccc2ncc(c3ccccc3)c(c3ccccc3)c2c1)c1ccccc1,"2,3,3',4,4'-pentaphenyl-6,6'-biquinoline",c1ccc(-c2cnc3ccc(-c4ccc5nc(-c6ccccc6)c(-c6ccccc6)c(-c6ccccc6)c5c4)cc3c2-c2ccccc2)cc1,636.7980000000001,12.725130980479998,6,9,25.78,0,2
882,YL_55,2.8048,T,W,"2,3,7-triphenylpyrazino[2,3-
g]quinoxaline","c1ccc(cc1)c1cnc2cc3nc(c(nc3cc2n1)c1ccccc1)
c1ccccc1",Reference,c1ccc(cc1)c1cnc2cc3nc(c(nc3cc2n1)c1ccccc1)c1ccccc1,"2,3,7-triphenylpyrazino[2,3-g]quinoxaline",c1ccc(-c2cnc3cc4nc(-c5ccccc5)c(-c5ccccc5)nc4cc3n2)cc1,410.4800000000001,12.817285830500001,3,6,51.56,0,4
883,YL_56,2.8122,T,W,"3-phenyl-6,6'-biquinoxaline",c1ccc(cc1)c1cnc2ccc(cc2n1)c1ccc2nccnc2c1,Reference,c1ccc(cc1)c1cnc2ccc(cc2n1)c1ccc2nccnc2c1,"3-phenyl-6,6'-biquinoxaline",c1ccc(-c2cnc3ccc(-c4ccc5nccnc5c4)cc3n2)cc1,334.38200000000006,12.850840248,2,5,51.56,0,4
884,YL_57,2.7767,P,W,"2,3-diphenyl-6-(2-phenylquinoxaline-
6-carbonyl)quinoxaline","O=C(c1cc2nc(c(nc2cc1)c1ccccc1)c1ccccc1)c1
ccc2nc(cnc2c1)c1ccccc1",Reference,O=C(c1cc2nc(c(nc2cc1)c1ccccc1)c1ccccc1)c1ccc2nc(cnc2c1)c1ccccc1,"2,3-diphenyl-6-(2-phenylquinoxaline-6-carbonyl)quinoxaline",O=C(c1ccc2nc(-c3ccccc3)cnc2c1)c1ccc2nc(-c3ccccc3)c(-c3ccccc3)nc2c1,514.5880000000003,12.854484033100002,5,7,68.63,0,5
885,YL_61,2.7143,P,W,"3,3'-bis(4-phenoxyphenyl)-2-phenyl-
6,6'-biquinoxaline","O(c1ccccc1)c1ccc(cc1)c1nc2c(ccc(c2)c2ccc3n
cc(nc3c2)c2ccc(Oc3ccccc3)cc2)nc1c1ccccc1",Reference,O(c1ccccc1)c1ccc(cc1)c1nc2c(ccc(c2)c2ccc3ncc(nc3c2)c2ccc(Oc3ccccc3)cc2)nc1c1ccccc1,"3,3'-bis(4-phenoxyphenyl)-2-phenyl-6,6'-biquinoxaline",c1ccc(Oc2ccc(-c3cnc4ccc(-c5ccc6nc(-c7ccccc7)c(-c7ccc(Oc8ccccc8)cc7)nc6c5)cc4n3)cc2)cc1,670.7720000000002,12.889170696153846,8,9,70.02000000000001,0,6
886,YL_62,2.7875,T,W,"4-[3'-(4-cyanophenyl)-2'-(4-
phenoxyphenyl)-[6,6'-biquinoxaline]-3-
yl]benzonitrile","N#Cc1ccc(cc1)c1nc2cc(ccc2nc1)c1cc2nc(c3cc
c(cc3)C#N)c(nc2cc1)c1ccc(Oc2ccccc2)cc1",Reference,N#Cc1ccc(cc1)c1nc2cc(ccc2nc1)c1cc2nc(c3ccc(cc3)C#N)c(nc2cc1)c1ccc(Oc2ccccc2)cc1,"4-[3'-(4-cyanophenyl)-2'-(4-phenoxyphenyl)-[6,6'-biquinoxaline]-3-yl]benzonitrile",N#Cc1ccc(-c2cnc3ccc(-c4ccc5nc(-c6ccc(Oc7ccccc7)cc6)c(-c6ccc(C#N)cc6)nc5c4)cc3n2)cc1,628.695,12.820431824244897,6,8,108.37,0,7
887,SFT_I1,2.5577,T,X,phenyl 4-(2-phenylpropan-2-yl)phenylmethylphosphonate,CC(C)(c1ccccc1)c1ccc(OP(=O)(C)Oc2ccccc2)cc1,Reference,CC(C)(c1ccccc1)c1ccc(OP(=O)(C)Oc2ccccc2)cc1,phenyl 4-(2-phenylpropan-2-yl)phenylmethylphosphonate,CC(C)(c1ccccc1)c1ccc(OP(C)(=O)Oc2ccccc2)cc1,366.397,14.082249277923077,6,3,35.53,0,3
888,SFT_I10,2.5226,T,X,"diphenyl 2,3,5,6-tetrachloro-4-[2-(2,3,5,6-tetrachlorophenyl)propan-2-yl]phenyl phosphate",CC(C)(c1c(Cl)c(Cl)cc(Cl)c1Cl)c1c(Cl)c(Cl)c(OP(=O)(Oc2ccccc2)Oc2ccccc2)c(Cl)c1Cl,Reference,CC(C)(c1c(Cl)c(Cl)cc(Cl)c1Cl)c1c(Cl)c(Cl)c(OP(=O)(Oc2ccccc2)Oc2ccccc2)c(Cl)c1Cl,"diphenyl 2,3,5,6-tetrachloro-4-[2-(2,3,5,6-tetrachlorophenyl)propan-2-yl]phenyl phosphate",CC(C)(c1c(Cl)c(Cl)cc(Cl)c1Cl)c1c(Cl)c(Cl)c(OP(=O)(Oc2ccccc2)Oc2ccccc2)c(Cl)c1Cl,720.0270000000002,17.89593167735,8,4,44.760000000000005,0,4
889,SFT_I2,2.5455,P,X,methyl phenyl 4-(2-phenylpropan-2-yl)phenyl phosphate,COP(=O)(Oc1ccccc1)Oc1ccc(cc1)C(C)(C)c1ccccc1,Reference,COP(=O)(Oc1ccccc1)Oc1ccc(cc1)C(C)(C)c1ccccc1,methyl phenyl 4-(2-phenylpropan-2-yl)phenyl phosphate,COP(=O)(Oc1ccccc1)Oc1ccc(C(C)(C)c2ccccc2)cc1,382.3960000000001,14.153088735037038,7,3,44.760000000000005,0,4
890,SFT_I3,2.5601,T,X,butyl phenyl 4-(2-phenylpropan-2-yl)phenyl phosphate,CCCCOP(=O)(Oc1ccccc1)Oc1ccc(cc1)C(C)(C)c1ccccc1,Reference,CCCCOP(=O)(Oc1ccccc1)Oc1ccc(cc1)C(C)(C)c1ccccc1,butyl phenyl 4-(2-phenylpropan-2-yl)phenyl phosphate,CCCCOP(=O)(Oc1ccccc1)Oc1ccc(C(C)(C)c2ccccc2)cc1,424.47700000000015,14.139344867933335,10,3,44.760000000000005,0,4
891,SFT_I4,2.548,P,X,phenyl 4-(2-phenylpropan-2-yl)phenyl butylphosphonate,CCCCP(=O)(Oc1ccccc1)Oc1ccc(cc1)C(C)(C)c1ccccc1,Reference,CCCCP(=O)(Oc1ccccc1)Oc1ccc(cc1)C(C)(C)c1ccccc1,phenyl 4-(2-phenylpropan-2-yl)phenyl butylphosphonate,CCCCP(=O)(Oc1ccccc1)Oc1ccc(C(C)(C)c2ccccc2)cc1,408.4780000000002,14.075359704068966,9,3,35.53,0,3
892,SFT_I5,2.5637,T,X,phenyl 4-(2-phenylpropan-2-yl)phenyl cyclohexylphosphonate,CC(C)(c1ccccc1)c1ccc(OP(=O)(Oc2ccccc2)C2CCCCC2)cc1,Reference,CC(C)(c1ccccc1)c1ccc(OP(=O)(Oc2ccccc2)C2CCCCC2)cc1,phenyl 4-(2-phenylpropan-2-yl)phenyl cyclohexylphosphonate,CC(C)(c1ccccc1)c1ccc(OP(=O)(Oc2ccccc2)C2CCCCC2)cc1,434.5160000000002,14.006486499419355,7,3,35.53,0,3
893,SFT_I6,2.5707,P,X,phenyl 4-(2-phenylpropan-2-yl)phenyl phenylphosphonate,CC(C)(c1ccccc1)c1ccc(OP(=O)(Oc2ccccc2)c2ccccc2)cc1,Reference,CC(C)(c1ccccc1)c1ccc(OP(=O)(Oc2ccccc2)c2ccccc2)cc1,phenyl 4-(2-phenylpropan-2-yl)phenyl phenylphosphonate,CC(C)(c1ccccc1)c1ccc(OP(=O)(Oc2ccccc2)c2ccccc2)cc1,428.468,13.81142359,7,4,35.53,0,3
894,SFT_I9,2.5541,T,X,"phenyl 2,3,5,6-tetrachloro-4-[2-(2,3,5,6-tetrachlorophenyl)propan-2-yl]phenyl phenylphosphonate",CC(C)(c1c(Cl)c(Cl)cc(Cl)c1Cl)c1c(Cl)c(Cl)c(OP(=O)(Oc2ccccc2)c2ccccc2)c(Cl)c1Cl,Reference,CC(C)(c1c(Cl)c(Cl)cc(Cl)c1Cl)c1c(Cl)c(Cl)c(OP(=O)(Oc2ccccc2)c2ccccc2)c(Cl)c1Cl,"phenyl 2,3,5,6-tetrachloro-4-[2-(2,3,5,6-tetrachlorophenyl)propan-2-yl]phenyl phenylphosphonate",CC(C)(c1c(Cl)c(Cl)cc(Cl)c1Cl)c1c(Cl)c(Cl)c(OP(=O)(Oc2ccccc2)c2ccccc2)c(Cl)c1Cl,704.0280000000001,17.94467570446154,7,4,35.53,0,3
895,SFT_II11,2.6055,T,X,"[1,1'-biphenyl]-4-yl phenyl methylphosphonate",CP(=O)(Oc1ccccc1)Oc1ccc(cc1)c1ccccc1,Reference,CP(=O)(Oc1ccccc1)Oc1ccc(cc1)c1ccccc1,"[1,1'-biphenyl]-4-yl phenyl methylphosphonate",CP(=O)(Oc1ccccc1)Oc1ccc(-c2ccccc2)cc1,324.31600000000003,14.090936131913043,5,3,35.53,0,3
896,SFT_II12,2.6022,T,X,"[1,1'-biphenyl]-4-yl phenyl cyclohexylphosphonate",O=P(Oc1ccccc1)(Oc1ccc(cc1)c1ccccc1)C1CCCCC1,Reference,O=P(Oc1ccccc1)(Oc1ccc(cc1)c1ccccc1)C1CCCCC1,"[1,1'-biphenyl]-4-yl phenyl cyclohexylphosphonate",O=P(Oc1ccccc1)(Oc1ccc(-c2ccccc2)cc1)C1CCCCC1,392.43500000000023,14.005504688928571,6,3,35.53,0,3
897,SFT_II14,2.5901,P,X,"[1,1'-biphenyl]-4-yl cyclohexyl phenyl phosphate",O=P(OC1CCCCC1)(Oc1ccccc1)Oc1ccc(cc1)c1ccccc1,Reference,O=P(OC1CCCCC1)(Oc1ccccc1)Oc1ccc(cc1)c1ccccc1,"[1,1'-biphenyl]-4-yl cyclohexyl phenyl phosphate",O=P(Oc1ccccc1)(Oc1ccc(-c2ccccc2)cc1)OC1CCCCC1,408.43400000000025,14.07410503137931,7,3,44.760000000000005,0,4
898,SFT_III16,2.6,P,X,diphenyl cyclohexylphosphonate,O=P(Oc1ccccc1)(Oc1ccccc1)C1CCCCC1,Reference,O=P(Oc1ccccc1)(Oc1ccccc1)C1CCCCC1,diphenyl cyclohexylphosphonate,O=P(Oc1ccccc1)(Oc1ccccc1)C1CCCCC1,316.3370000000002,14.369219598272728,5,2,35.53,0,3
899,SFT_III18,2.5811,T,X,cyclohexyl diphenyl phosphate,O=P(OC1CCCCC1)(Oc1ccccc1)Oc1ccccc1,Reference,O=P(OC1CCCCC1)(Oc1ccccc1)Oc1ccccc1,cyclohexyl diphenyl phosphate,O=P(Oc1ccccc1)(Oc1ccccc1)OC1CCCCC1,332.3360000000002,14.439901990521742,6,2,44.760000000000005,0,4
900,SFT_IV20,2.6076,T,X,4-(benzenesulfonyl)phenyl phenyl cyclohexylphosphonate,O=P(Oc1ccccc1)(Oc1ccc(cc1)S(=O)(=O)c1ccccc1)C1CCCCC1,Reference,O=P(Oc1ccccc1)(Oc1ccc(cc1)S(=O)(=O)c1ccccc1)C1CCCCC1,4-(benzenesulfonyl)phenyl phenyl cyclohexylphosphonate,O=P(Oc1ccccc1)(Oc1ccc(S(=O)(=O)c2ccccc2)cc1)C1CCCCC1,456.5000000000003,14.713420371935486,7,3,69.67,0,5
901,SFT_IV22,2.5946,T,X,4-(benzenesulfonyl)phenyl cyclohexyl phenyl phosphate,O=P(OC1CCCCC1)(Oc1ccccc1)Oc1ccc(cc1)S(=O)(=O)c1ccccc1,Reference,O=P(OC1CCCCC1)(Oc1ccccc1)Oc1ccc(cc1)S(=O)(=O)c1ccccc1,4-(benzenesulfonyl)phenyl cyclohexyl phenyl phosphate,O=P(Oc1ccccc1)(Oc1ccc(S(=O)(=O)c2ccccc2)cc1)OC1CCCCC1,472.4990000000003,14.7534670671875,8,3,78.9,0,6
